stage_name,stage_mode,arm,bin_index,time_ns_increasing,time_ns_plot_axis,state_index,state_label,probability
After BS (Heisenberg),after_bs,A,0,0.0,99.0,0,|vac>,0.9999185528650716
After BS (Heisenberg),after_bs,A,0,0.0,99.0,1,|H>,4.152216612891057e-05
After BS (Heisenberg),after_bs,A,0,0.0,99.0,2,|V>,3.992310307837371e-05
After BS (Heisenberg),after_bs,A,0,0.0,99.0,3,|2H>,6.342654218781886e-10
After BS (Heisenberg),after_bs,A,0,0.0,99.0,4,|2V>,6.093259479185127e-10
After BS (Heisenberg),after_bs,A,0,0.0,99.0,5,|HV>,6.221301528866488e-10
After BS (Heisenberg),after_bs,A,1,1.0,98.0,0,|vac>,0.9999046146249039
After BS (Heisenberg),after_bs,A,1,1.0,98.0,1,|H>,4.8593004901332216e-05
After BS (Heisenberg),after_bs,A,1,1.0,98.0,2,|V>,4.678968699065601e-05
After BS (Heisenberg),after_bs,A,1,1.0,98.0,3,|2H>,9.121743930819174e-10
After BS (Heisenberg),after_bs,A,1,1.0,98.0,4,|2V>,8.76307469333209e-10
After BS (Heisenberg),after_bs,A,1,1.0,98.0,5,|HV>,8.947219492856681e-10
After BS (Heisenberg),after_bs,A,2,2.0,97.00000000000001,0,|vac>,0.999889522173356
After BS (Heisenberg),after_bs,A,2,2.0,97.00000000000001,1,|H>,5.624529019909076e-05
After BS (Heisenberg),after_bs,A,2,2.0,97.00000000000001,2,|V>,5.4228798463529774e-05
After BS (Heisenberg),after_bs,A,2,2.0,97.00000000000001,3,|2H>,1.270753795267023e-09
After BS (Heisenberg),after_bs,A,2,2.0,97.00000000000001,4,|2V>,1.2207874403420155e-09
After BS (Heisenberg),after_bs,A,2,2.0,97.00000000000001,5,|HV>,1.2464407260129671e-09
After BS (Heisenberg),after_bs,A,3,3.0000000000000004,96.00000000000001,0,|vac>,0.9998733103339701
After BS (Heisenberg),after_bs,A,3,3.0000000000000004,96.00000000000001,1,|H>,6.446108170530087e-05
After BS (Heisenberg),after_bs,A,3,3.0000000000000004,96.00000000000001,2,|V>,6.222351605927469e-05
After BS (Heisenberg),after_bs,A,3,3.0000000000000004,96.00000000000001,3,|2H>,1.7229932937129876e-09
After BS (Heisenberg),after_bs,A,3,3.0000000000000004,96.00000000000001,4,|2V>,1.6552447693586005e-09
After BS (Heisenberg),after_bs,A,3,3.0000000000000004,96.00000000000001,5,|HV>,1.690027619771785e-09
After BS (Heisenberg),after_bs,A,4,4.0,95.0,0,|vac>,0.9998560249117856
After BS (Heisenberg),after_bs,A,4,4.0,95.0,1,|H>,7.321687508629104e-05
After BS (Heisenberg),after_bs,A,4,4.0,95.0,2,|V>,7.075150052677904e-05
After BS (Heisenberg),after_bs,A,4,4.0,95.0,3,|2H>,2.2819969932631285e-09
After BS (Heisenberg),after_bs,A,4,4.0,95.0,4,|2V>,2.192268304568323e-09
After BS (Heisenberg),after_bs,A,4,4.0,95.0,5,|HV>,2.2383360172806652e-09
After BS (Heisenberg),after_bs,A,5,5.0,94.00000000000001,0,|vac>,0.9998377233046467
After BS (Heisenberg),after_bs,A,5,5.0,94.00000000000001,1,|H>,8.248329528003255e-05
After BS (Heisenberg),after_bs,A,5,5.0,94.00000000000001,2,|V>,7.978469135581524e-05
After BS (Heisenberg),after_bs,A,5,5.0,94.00000000000001,3,|2H>,2.9605910641606926e-09
After BS (Heisenberg),after_bs,A,5,5.0,94.00000000000001,4,|2V>,2.8441798880141723e-09
After BS (Heisenberg),after_bs,A,5,5.0,94.00000000000001,5,|HV>,2.9039466883233086e-09
After BS (Heisenberg),after_bs,A,6,6.000000000000001,93.00000000000001,0,|vac>,0.9998184750639089
After BS (Heisenberg),after_bs,A,6,6.000000000000001,93.00000000000001,1,|H>,9.222481590561583e-05
After BS (Heisenberg),after_bs,A,6,6.000000000000001,93.00000000000001,2,|V>,8.928902799129726e-05
After BS (Heisenberg),after_bs,A,6,6.000000000000001,93.00000000000001,3,|2H>,3.770871121254188e-09
After BS (Heisenberg),after_bs,A,6,6.000000000000001,93.00000000000001,4,|2V>,3.6225995319637525e-09
After BS (Heisenberg),after_bs,A,6,6.000000000000001,93.00000000000001,5,|HV>,3.6987238248536682e-09
After BS (Heisenberg),after_bs,A,7,7.000000000000001,92.0,0,|vac>,0.9997983623883971
After BS (Heisenberg),after_bs,A,7,7.000000000000001,92.0,1,|H>,0.00010239951300417308
After BS (Heisenberg),after_bs,A,7,7.000000000000001,92.0,2,|V>,9.922420363058924e-05
After BS (Heisenberg),after_bs,A,7,7.000000000000001,92.0,3,|2H>,4.7236940530259895e-09
After BS (Heisenberg),after_bs,A,7,7.000000000000001,92.0,4,|2V>,4.53795722934727e-09
After BS (Heisenberg),after_bs,A,7,7.000000000000001,92.0,5,|HV>,4.6333165927548235e-09
After BS (Heisenberg),after_bs,A,8,8.0,91.00000000000001,0,|vac>,0.9997774805335127
After BS (Heisenberg),after_bs,A,8,8.0,91.00000000000001,1,|H>,0.0001129588623049665
After BS (Heisenberg),after_bs,A,8,8.0,91.00000000000001,2,|V>,0.00010954346048786991
After BS (Heisenberg),after_bs,A,8,8.0,91.00000000000001,3,|2H>,5.828122128312426e-09
After BS (Heisenberg),after_bs,A,8,8.0,91.00000000000001,4,|2V>,5.598958918338776e-09
After BS (Heisenberg),after_bs,A,8,8.0,91.00000000000001,5,|HV>,5.716613874349629e-09
After BS (Heisenberg),after_bs,A,9,9.000000000000002,90.00000000000001,0,|vac>,0.999755938115423
After BS (Heisenberg),after_bs,A,9,9.000000000000002,90.00000000000001,1,|H>,0.00012384759019261416
After BS (Heisenberg),after_bs,A,9,9.000000000000002,90.00000000000001,2,|V>,0.00012019343637268795
After BS (Heisenberg),after_bs,A,9,9.000000000000002,90.00000000000001,3,|2H>,7.0908307435381406e-09
After BS (Heisenberg),after_bs,A,9,9.000000000000002,90.00000000000001,4,|2V>,6.81201751711738e-09
After BS (Heisenberg),after_bs,A,9,9.000000000000002,90.00000000000001,5,|HV>,6.955163347085184e-09
After BS (Heisenberg),after_bs,A,10,10.0,89.0,0,|vac>,0.9997338572884018
After BS (Heisenberg),after_bs,A,10,10.0,89.0,1,|H>,0.00013500358950290327
After BS (Heisenberg),after_bs,A,10,10.0,89.0,2,|V>,0.00013111407336666923
After BS (Heisenberg),after_bs,A,10,10.0,89.0,3,|2H>,8.515495044453653e-09
After BS (Heisenberg),after_bs,A,10,10.0,89.0,4,|2V>,8.18066366378967e-09
After BS (Heisenberg),after_bs,A,10,10.0,89.0,5,|HV>,8.352569840909485e-09
After BS (Heisenberg),after_bs,A,11,11.000000000000002,88.00000000000001,0,|vac>,0.9997113737715635
After BS (Heisenberg),after_bs,A,11,11.000000000000002,88.00000000000001,1,|H>,0.00014635791215802043
After BS (Heisenberg),after_bs,A,11,11.000000000000002,88.00000000000001,2,|V>,0.00014223860025739293
After BS (Heisenberg),after_bs,A,11,11.000000000000002,88.00000000000001,3,|2H>,1.0102174756096278e-08
After BS (Heisenberg),after_bs,A,11,11.000000000000002,88.00000000000001,4,|2V>,9.70495473498954e-09
After BS (Heisenberg),after_bs,A,11,11.000000000000002,88.00000000000001,5,|HV>,9.908891938152796e-09
After BS (Heisenberg),after_bs,A,12,12.000000000000002,87.00000000000001,0,|vac>,0.9996886366997336
After BS (Heisenberg),after_bs,A,12,12.000000000000002,87.00000000000001,1,|H>,0.00015783485142198829
After BS (Heisenberg),after_bs,A,12,12.000000000000002,87.00000000000001,2,|V>,0.00015349360115826384
After BS (Heisenberg),after_bs,A,12,12.000000000000002,87.00000000000001,3,|2H>,1.1846720728446836e-08
After BS (Heisenberg),after_bs,A,12,12.000000000000002,87.00000000000001,4,|2V>,1.1380904726307274e-08
After BS (Heisenberg),after_bs,A,12,12.000000000000002,87.00000000000001,5,|HV>,1.1620059873624266e-08
After BS (Heisenberg),after_bs,A,13,13.0,86.0,0,|vac>,0.9996658082719518
After BS (Heisenberg),after_bs,A,13,13.0,86.0,1,|H>,0.00016935212715909052
After BS (Heisenberg),after_bs,A,13,13.0,86.0,2,|V>,0.00016479918335547005
After BS (Heisenberg),after_bs,A,13,13.0,86.0,3,|2H>,1.3740230746034102e-08
After BS (Heisenberg),after_bs,A,13,13.0,86.0,4,|2V>,1.3199961459595662e-08
After BS (Heisenberg),after_bs,A,13,13.0,86.0,5,|HV>,1.3477341756098066e-08
After BS (Heisenberg),after_bs,A,14,14.000000000000002,85.0,0,|vac>,0.9996430631703013
After BS (Heisenberg),after_bs,A,14,14.000000000000002,85.0,1,|H>,0.00018082118784724366
After BS (Heisenberg),after_bs,A,14,14.000000000000002,85.0,2,|V>,0.00017606925781564554
After BS (Heisenberg),after_bs,A,14,14.000000000000002,85.0,3,|2H>,1.5768585794551968e-08
After BS (Heisenberg),after_bs,A,14,14.000000000000002,85.0,4,|2V>,1.5148561083699085e-08
After BS (Heisenberg),after_bs,A,14,14.000000000000002,85.0,5,|HV>,1.546688870744582e-08
After BS (Heisenberg),after_bs,A,15,15.000000000000002,84.00000000000001,0,|vac>,0.9996205877216671
After BS (Heisenberg),after_bs,A,15,15.000000000000002,84.00000000000001,1,|H>,0.000192147643159571
After BS (Heisenberg),after_bs,A,15,15.000000000000002,84.00000000000001,2,|V>,0.00018721194588825933
After BS (Heisenberg),after_bs,A,15,15.000000000000002,84.00000000000001,3,|2H>,1.7912100907021935e-08
After BS (Heisenberg),after_bs,A,15,15.000000000000002,84.00000000000001,4,|2V>,1.720779264943029e-08
After BS (Heisenberg),after_bs,A,15,15.000000000000002,84.00000000000001,5,|HV>,1.756939238908551e-08
After BS (Heisenberg),after_bs,A,16,16.0,83.0,0,|vac>,0.9995985787755212
After BS (Heisenberg),after_bs,A,16,16.0,83.0,1,|H>,0.00020323184059368
After BS (Heisenberg),after_bs,A,16,16.0,83.0,2,|V>,0.00019813012546132997
After BS (Heisenberg),after_bs,A,16,16.0,83.0,3,|2H>,2.0145326554324874e-08
After BS (Heisenberg),after_bs,A,16,16.0,83.0,4,|2V>,1.9353207309477875e-08
After BS (Heisenberg),after_bs,A,16,16.0,83.0,5,|HV>,1.9759890192470136e-08
After BS (Heisenberg),after_bs,A,17,17.0,82.0,0,|vac>,0.9995772422725165
After BS (Heisenberg),after_bs,A,17,17.0,82.0,1,|H>,0.00021396959880197122
After BS (Heisenberg),after_bs,A,17,17.0,82.0,2,|V>,0.0002087221290835332
After BS (Heisenberg),after_bs,A,17,17.0,82.0,3,|2H>,2.2437036885875902e-08
After BS (Heisenberg),after_bs,A,17,17.0,82.0,4,|2V>,2.1554807021459803e-08
After BS (Heisenberg),after_bs,A,17,17.0,82.0,5,|HV>,2.2007753704748378e-08
After BS (Heisenberg),after_bs,A,18,18.000000000000004,81.00000000000001,0,|vac>,0.9995567914813247
After BS (Heisenberg),after_bs,A,18,18.000000000000004,81.00000000000001,1,|H>,0.00022425310884928532
After BS (Heisenberg),after_bs,A,18,18.000000000000004,81.00000000000001,2,|V>,0.00021888260524566147
After BS (Heisenberg),after_bs,A,18,18.000000000000004,81.00000000000001,3,|2H>,2.4750439526633604e-08
After BS (Heisenberg),after_bs,A,18,18.000000000000004,81.00000000000001,4,|2V>,2.3777246095661397e-08
After BS (Heisenberg),after_bs,A,18,18.000000000000004,81.00000000000001,5,|HV>,2.427689449177286e-08
After BS (Heisenberg),after_bs,A,19,19.0,80.0,0,|vac>,0.9995374448853832
After BS (Heisenberg),after_bs,A,19,19.0,80.0,1,|H>,0.00023397201248034888
After BS (Heisenberg),after_bs,A,19,19.0,80.0,2,|V>,0.00022850355200707912
After BS (Heisenberg),after_bs,A,19,19.0,80.0,3,|2H>,2.704363765920421e-08
After BS (Heisenberg),after_bs,A,19,19.0,80.0,4,|2V>,2.5980275107956662e-08
After BS (Heisenberg),after_bs,A,19,19.0,80.0,5,|HV>,2.6526217339281683e-08
After BS (Heisenberg),after_bs,A,20,20.0,79.0,0,|vac>,0.999519423706997
After BS (Heisenberg),after_bs,A,20,20.0,79.0,1,|H>,0.0002430146634984697
After BS (Heisenberg),after_bs,A,20,20.0,79.0,2,|V>,0.00023747552934152803
After BS (Heisenberg),after_bs,A,20,20.0,79.0,3,|2H>,2.9270368365897062e-08
After BS (Heisenberg),after_bs,A,20,20.0,79.0,4,|2V>,2.811945021007219e-08
After BS (Heisenberg),after_bs,A,20,20.0,79.0,5,|HV>,2.871034446840992e-08
After BS (Heisenberg),after_bs,A,21,21.000000000000004,78.00000000000001,0,|vac>,0.9995029490639566
After BS (Heisenberg),after_bs,A,21,21.000000000000004,78.00000000000001,1,|H>,0.0002512695744205699
After BS (Heisenberg),after_bs,A,21,21.000000000000004,78.00000000000001,2,|V>,0.00024568905284565157
After BS (Heisenberg),after_bs,A,21,21.000000000000004,78.00000000000001,3,|2H>,3.138103136373061e-08
After BS (Heisenberg),after_bs,A,21,21.000000000000004,78.00000000000001,4,|2V>,3.014712141447601e-08
After BS (Heisenberg),after_bs,A,21,21.000000000000004,78.00000000000001,5,|HV>,3.078062458812064e-08
After BS (Heisenberg),after_bs,A,22,22.000000000000004,77.0,0,|vac>,0.9994882387635897
After BS (Heisenberg),after_bs,A,22,22.000000000000004,77.0,1,|H>,0.0002586270455749043
After BS (Heisenberg),after_bs,A,22,22.000000000000004,77.0,2,|V>,0.00025303616669777635
After BS (Heisenberg),after_bs,A,22,22.000000000000004,77.0,3,|2H>,3.332400917020195e-08
After BS (Heisenberg),after_bs,A,22,22.000000000000004,77.0,4,|2V>,3.2013700850900204e-08
After BS (Heisenberg),after_bs,A,22,22.000000000000004,77.0,5,|HV>,3.2686427802516296e-08
After BS (Heisenberg),after_bs,A,23,23.0,76.0,0,|vac>,0.9994755037512751
After BS (Heisenberg),after_bs,A,23,23.0,76.0,1,|H>,0.000264980967663615
After BS (Heisenberg),after_bs,A,23,23.0,76.0,2,|V>,0.00025941218788999636
After BS (Heisenberg),after_bs,A,23,23.0,76.0,3,|2H>,3.504726343834153e-08
After BS (Heisenberg),after_bs,A,23,23.0,76.0,4,|2V>,3.366919633310593e-08
After BS (Heisenberg),after_bs,A,23,23.0,76.0,5,|HV>,3.4376711403544894e-08
After BS (Heisenberg),after_bs,A,24,24.000000000000004,75.00000000000001,0,|vac>,0.9994649442448105
After BS (Heisenberg),after_bs,A,24,24.000000000000004,75.00000000000001,1,|H>,0.00027023078147967393
After BS (Heisenberg),after_bs,A,24,24.000000000000004,75.00000000000001,2,|V>,0.0002647176067376356
After BS (Heisenberg),after_bs,A,24,24.000000000000004,75.00000000000001,3,|2H>,3.6500173033249175e-08
After BS (Heisenberg),after_bs,A,24,24.000000000000004,75.00000000000001,4,|2V>,3.50649771617937e-08
After BS (Heisenberg),after_bs,A,24,24.000000000000004,75.00000000000001,5,|HV>,3.5801822779999456e-08
After BS (Heisenberg),after_bs,A,25,25.000000000000004,74.0,0,|vac>,0.9994567456027666
After BS (Heisenberg),after_bs,A,25,25.000000000000004,74.0,1,|H>,0.0002742835699642613
After BS (Heisenberg),after_bs,A,25,25.000000000000004,74.0,2,|V>,0.00026886012050723895
After BS (Heisenberg),after_bs,A,25,25.000000000000004,74.0,3,|2H>,3.7635558085808856e-08
After BS (Heisenberg),after_bs,A,25,25.000000000000004,74.0,4,|2V>,3.615571859202144e-08
After BS (Heisenberg),after_bs,A,25,25.000000000000004,74.0,5,|HV>,3.691548474543121e-08
After BS (Heisenberg),after_bs,A,26,26.0,73.0,0,|vac>,0.9994510739938464
After BS (Heisenberg),after_bs,A,26,26.0,73.0,1,|H>,0.0002770562482178119
After BS (Heisenberg),after_bs,A,26,26.0,73.0,2,|V>,0.0002717567677869597
After BS (Heisenberg),after_bs,A,26,26.0,73.0,3,|2H>,3.84118118690417e-08
After BS (Heisenberg),after_bs,A,26,26.0,73.0,4,|2V>,3.690144988365124e-08
After BS (Heisenberg),after_bs,A,26,26.0,73.0,5,|HV>,3.7676886625753415e-08
After BS (Heisenberg),after_bs,A,27,27.0,72.00000000000001,0,|vac>,0.9994480719547754
After BS (Heisenberg),after_bs,A,27,27.0,72.00000000000001,1,|H>,0.00027847780664674675
After BS (Heisenberg),after_bs,A,27,27.0,72.00000000000001,2,|V>,0.00027333612114474647
After BS (Heisenberg),after_bs,A,27,27.0,72.00000000000001,3,|2H>,3.8795040469013006e-08
After BS (Heisenberg),after_bs,A,27,27.0,72.00000000000001,4,|2V>,3.7269609839865315e-08
After BS (Heisenberg),after_bs,A,27,27.0,72.00000000000001,5,|HV>,3.805278299226889e-08
After BS (Heisenberg),after_bs,A,28,28.000000000000004,71.0,0,|vac>,0.9994478539459467
After BS (Heisenberg),after_bs,A,28,28.000000000000004,71.0,1,|H>,0.00027849155148393714
After BS (Heisenberg),after_bs,A,28,28.000000000000004,71.0,2,|V>,0.0002735404850009511
After BS (Heisenberg),after_bs,A,28,28.000000000000004,71.0,3,|2H>,3.87610908810299e-08
After BS (Heisenberg),after_bs,A,28,28.000000000000004,71.0,4,|2V>,3.723699515811574e-08
After BS (Heisenberg),after_bs,A,28,28.000000000000004,71.0,5,|HV>,3.801948295472328e-08
After BS (Heisenberg),after_bs,A,29,29.0,70.0,0,|vac>,0.9994505020356753
After BS (Heisenberg),after_bs,A,29,29.0,70.0,1,|H>,0.00027705727596617535
After BS (Heisenberg),after_bs,A,29,29.0,70.0,2,|V>,0.00027232803495249826
After BS (Heisenberg),after_bs,A,29,29.0,70.0,3,|2H>,3.829733374400871e-08
After BS (Heisenberg),after_bs,A,29,29.0,70.0,4,|2V>,3.679147306693452e-08
After BS (Heisenberg),after_bs,A,29,29.0,70.0,5,|HV>,3.75645987869835e-08
After BS (Heisenberg),after_bs,A,30,30.000000000000004,69.00000000000001,0,|vac>,0.9994560618643861
After BS (Heisenberg),after_bs,A,30,30.000000000000004,69.00000000000001,1,|H>,0.0002741532851572783
After BS (Heisenberg),after_bs,A,30,30.000000000000004,69.00000000000001,2,|V>,0.00026967482465735853
After BS (Heisenberg),after_bs,A,30,30.000000000000004,69.00000000000001,3,|2H>,3.740406004727811e-08
After BS (Heisenberg),after_bs,A,30,30.000000000000004,69.00000000000001,4,|2V>,3.593332311387653e-08
After BS (Heisenberg),after_bs,A,30,30.000000000000004,69.00000000000001,5,|HV>,3.6688415910939506e-08
After BS (Heisenberg),after_bs,A,31,31.0,68.0,0,|vac>,0.999464539057595
After BS (Heisenberg),after_bs,A,31,31.0,68.0,1,|H>,0.0002697781886105672
After BS (Heisenberg),after_bs,A,31,31.0,68.0,2,|V>,0.000265576577615072
After BS (Heisenberg),after_bs,A,31,31.0,68.0,3,|2H>,3.609535440260488e-08
After BS (Heisenberg),after_bs,A,31,31.0,68.0,4,|2V>,3.467607610027544e-08
After BS (Heisenberg),after_bs,A,31,31.0,68.0,5,|HV>,3.5404749460397064e-08
After BS (Heisenberg),after_bs,A,32,32.0,67.0,0,|vac>,0.9994758962693195
After BS (Heisenberg),after_bs,A,32,32.0,67.0,1,|H>,0.000263952368756155
After BS (Heisenberg),after_bs,A,32,32.0,67.0,2,|V>,0.0002600501747001204
After BS (Heisenberg),after_bs,A,32,32.0,67.0,3,|2H>,3.439932311076964e-08
After BS (Heisenberg),after_bs,A,32,32.0,67.0,4,|2V>,3.304673318018282e-08
After BS (Heisenberg),after_bs,A,32,32.0,67.0,5,|HV>,3.374116798410374e-08
After BS (Heisenberg),after_bs,A,33,33.00000000000001,66.00000000000001,0,|vac>,0.9994900510433218
After BS (Heisenberg),after_bs,A,33,33.00000000000001,66.00000000000001,1,|H>,0.00025671903016380486
After BS (Heisenberg),after_bs,A,33,33.00000000000001,66.00000000000001,2,|V>,0.0002531347451596523
After BS (Heisenberg),after_bs,A,33,33.00000000000001,66.00000000000001,3,|2H>,3.235758473076027e-08
After BS (Heisenberg),after_bs,A,33,33.00000000000001,66.00000000000001,4,|2V>,3.108527646050748e-08
After BS (Heisenberg),after_bs,A,33,33.00000000000001,66.00000000000001,5,|HV>,3.1738493761775406e-08
After BS (Heisenberg),after_bs,A,34,34.0,65.0,0,|vac>,0.999506874676243
After BS (Heisenberg),after_bs,A,34,34.0,65.0,1,|H>,0.0002481447367807025
After BS (Heisenberg),after_bs,A,34,34.0,65.0,2,|V>,0.00024489227004563193
After BS (Heisenberg),after_bs,A,34,34.0,65.0,3,|2H>,3.0023974405745474e-08
After BS (Heisenberg),after_bs,A,34,34.0,65.0,4,|2V>,2.8843424273214463e-08
After BS (Heisenberg),after_bs,A,34,34.0,65.0,5,|HV>,2.9449531919932628e-08
After BS (Heisenberg),after_bs,A,35,35.0,64.0,0,|vac>,0.999526192252247
After BS (Heisenberg),after_bs,A,35,35.0,64.0,1,|H>,0.00023831935189889812
After BS (Heisenberg),after_bs,A,35,35.0,64.0,2,|V>,0.00023540761371177948
After BS (Heisenberg),after_bs,A,35,35.0,64.0,3,|2H>,2.7462469360496665e-08
After BS (Heisenberg),after_bs,A,35,35.0,64.0,4,|2V>,2.638263824270294e-08
After BS (Heisenberg),after_bs,A,35,35.0,64.0,5,|HV>,2.6937035620352683e-08
After BS (Heisenberg),after_bs,A,36,36.00000000000001,63.00000000000001,0,|vac>,0.9995477839915273
After BS (Heisenberg),after_bs,A,36,36.00000000000001,63.00000000000001,1,|H>,0.0002273553097685423
After BS (Heisenberg),after_bs,A,36,36.00000000000001,63.00000000000001,2,|V>,0.00022478791186612346
After BS (Heisenberg),after_bs,A,36,36.00000000000001,63.00000000000001,3,|2H>,2.474440830584909e-08
After BS (Heisenberg),after_bs,A,36,36.00000000000001,63.00000000000001,4,|2V>,2.377145202397524e-08
After BS (Heisenberg),after_bs,A,36,36.00000000000001,63.00000000000001,5,|HV>,2.4270978665086233e-08
After BS (Heisenberg),after_bs,A,37,37.0,62.0,0,|vac>,0.9995713880142769
After BS (Heisenberg),after_bs,A,37,37.0,62.0,1,|H>,0.00021538616886170923
After BS (Heisenberg),after_bs,A,37,37.0,62.0,2,|V>,0.00021316126418265035
After BS (Heisenberg),after_bs,A,37,37.0,62.0,3,|2H>,2.1945146415261505e-08
After BS (Heisenberg),after_bs,A,37,37.0,62.0,4,|2V>,2.1082257806350397e-08
After BS (Heisenberg),after_bs,A,37,37.0,62.0,5,|HV>,2.1525274472661435e-08
After BS (Heisenberg),after_bs,A,38,38.0,61.00000000000001,0,|vac>,0.9995967045674624
After BS (Heisenberg),after_bs,A,38,38.0,61.00000000000001,1,|H>,0.00020256442469393624
After BS (Heisenberg),after_bs,A,38,38.0,61.00000000000001,2,|V>,0.0002006747055978812
After BS (Heisenberg),after_bs,A,38,38.0,61.00000000000001,3,|2H>,1.9140352666150485e-08
After BS (Heisenberg),after_bs,A,38,38.0,61.00000000000001,4,|2V>,1.838774924425348e-08
After BS (Heisenberg),after_bs,A,38,38.0,61.00000000000001,5,|HV>,1.8774144261617282e-08
After BS (Heisenberg),after_bs,A,39,39.00000000000001,60.00000000000001,0,|vac>,0.9996234016955985
After BS (Heisenberg),after_bs,A,39,39.00000000000001,60.00000000000001,1,|H>,0.00018905859404721884
After BS (Heisenberg),after_bs,A,39,39.00000000000001,60.00000000000001,2,|V>,0.00018749146248635168
After BS (Heisenberg),after_bs,A,39,39.00000000000001,60.00000000000001,3,|2H>,1.6402209050385266e-08
After BS (Heisenberg),after_bs,A,39,39.00000000000001,60.00000000000001,4,|2V>,1.5757270115701018e-08
After BS (Heisenberg),after_bs,A,39,39.00000000000001,60.00000000000001,5,|HV>,1.608838898071715e-08
After BS (Heisenberg),after_bs,A,40,40.0,59.00000000000001,0,|vac>,0.9996511222615592
After BS (Heisenberg),after_bs,A,40,40.0,59.00000000000001,1,|H>,0.00017504962088393794
After BS (Heisenberg),after_bs,A,40,40.0,59.00000000000001,2,|V>,0.0001737875365560483
After BS (Heisenberg),after_bs,A,40,40.0,59.00000000000001,3,|2H>,1.3795802723306408e-08
After BS (Heisenberg),after_bs,A,40,40.0,59.00000000000001,4,|2V>,1.3253348332915914e-08
After BS (Heisenberg),after_bs,A,40,40.0,59.00000000000001,5,|HV>,1.3531850486235502e-08
After BS (Heisenberg),after_bs,A,41,41.0,58.0,0,|vac>,0.9996794921435636
After BS (Heisenberg),after_bs,A,41,41.0,58.0,1,|H>,0.00016072669492759204
After BS (Heisenberg),after_bs,A,41,41.0,58.0,2,|V>,0.00015974769845619855
After BS (Heisenberg),after_bs,A,41,41.0,58.0,3,|2H>,1.1376005167168027e-08
After BS (Heisenberg),after_bs,A,41,41.0,58.0,4,|2V>,1.092869781783825e-08
After BS (Heisenberg),after_bs,A,41,41.0,58.0,5,|HV>,1.1158350415716983e-08
After BS (Heisenberg),after_bs,A,42,42.00000000000001,57.0,0,|vac>,0.9997081293556294
After BS (Heisenberg),after_bs,A,42,42.00000000000001,57.0,1,|H>,0.00014628261390782767
After BS (Heisenberg),after_bs,A,42,42.00000000000001,57.0,2,|V>,0.0001455610120527122
After BS (Heisenberg),after_bs,A,42,42.00000000000001,57.0,3,|2H>,9.185102386747885e-09
After BS (Heisenberg),after_bs,A,42,42.00000000000001,57.0,4,|2V>,8.823941879033296e-09
After BS (Heisenberg),after_bs,A,42,42.00000000000001,57.0,5,|HV>,9.009365724566115e-09
After BS (Heisenberg),after_bs,A,43,43.0,56.00000000000001,0,|vac>,0.9997366537672449
After BS (Heisenberg),after_bs,A,43,43.0,56.00000000000001,1,|H>,0.0001319088565030309
After BS (Heisenberg),after_bs,A,43,43.0,56.00000000000001,2,|V>,0.00013141604598641498
After BS (Heisenberg),after_bs,A,43,43.0,56.00000000000001,3,|2H>,7.251376858140405e-09
After BS (Heisenberg),after_bs,A,43,43.0,56.00000000000001,4,|2V>,6.96625091860878e-09
After BS (Heisenberg),after_bs,A,43,43.0,56.00000000000001,5,|HV>,7.112637766117952e-09
After BS (Heisenberg),after_bs,A,44,44.00000000000001,55.0,0,|vac>,0.9997646970405333
After BS (Heisenberg),after_bs,A,44,44.00000000000001,55.0,1,|H>,0.0001177905616508984
After BS (Heisenberg),after_bs,A,44,44.00000000000001,55.0,2,|V>,0.0001174959582437588
After BS (Heisenberg),after_bs,A,44,44.00000000000001,55.0,3,|2H>,5.588750469066923e-09
After BS (Heisenberg),after_bs,A,44,44.00000000000001,55.0,4,|2V>,5.368999412202187e-09
After BS (Heisenberg),after_bs,A,44,44.00000000000001,55.0,5,|HV>,5.481822063498257e-09
After BS (Heisenberg),after_bs,A,45,45.00000000000001,54.0,0,|vac>,0.9997919123658336
After BS (Heisenberg),after_bs,A,45,45.00000000000001,54.0,1,|H>,0.00010410162802740748
After BS (Heisenberg),after_bs,A,45,45.00000000000001,54.0,2,|V>,0.00010397365903003389
After BS (Heisenberg),after_bs,A,45,45.00000000000001,54.0,3,|2H>,4.197488308478577e-09
After BS (Heisenberg),after_bs,A,45,45.00000000000001,54.0,4,|2V>,4.032442025401435e-09
After BS (Heisenberg),after_bs,A,45,45.00000000000001,54.0,5,|HV>,4.117178633766331e-09
After BS (Heisenberg),after_bs,A,46,46.0,53.00000000000001,0,|vac>,0.9998179835640906
After BS (Heisenberg),after_bs,A,46,46.0,53.00000000000001,1,|H>,9.10001527220638e-05
After BS (Heisenberg),after_bs,A,46,46.0,53.00000000000001,2,|V>,9.100726484486055e-05
After BS (Heisenberg),after_bs,A,46,46.0,53.00000000000001,3,|2H>,3.065850309711107e-09
After BS (Heisenberg),after_bs,A,46,46.0,53.00000000000001,4,|2V>,2.945300313879793e-09
After BS (Heisenberg),after_bs,A,46,46.0,53.00000000000001,5,|HV>,3.0071920305225515e-09
After BS (Heisenberg),after_bs,A,47,47.00000000000001,52.0,0,|vac>,0.9998426331395499
After BS (Heisenberg),after_bs,A,47,47.00000000000001,52.0,1,|H>,7.862441913519676e-05
After BS (Heisenberg),after_bs,A,47,47.00000000000001,52.0,2,|V>,7.873605086901096e-05
After BS (Heisenberg),after_bs,A,47,47.00000000000001,52.0,3,|2H>,2.172477799402051e-09
After BS (Heisenberg),after_bs,A,47,47.00000000000001,52.0,4,|2V>,2.087055432617931e-09
After BS (Heisenberg),after_bs,A,47,47.00000000000001,52.0,5,|HV>,2.130912231479721e-09
After BS (Heisenberg),after_bs,A,48,48.00000000000001,51.0,0,|vac>,0.999865628909193
After BS (Heisenberg),after_bs,A,48,48.00000000000001,51.0,1,|H>,6.708962086389005e-05
After BS (Heisenberg),after_bs,A,48,48.00000000000001,51.0,2,|V>,6.727708930280963e-05
After BS (Heisenberg),after_bs,A,48,48.00000000000001,51.0,3,|2H>,1.4892303202664115e-09
After BS (Heisenberg),after_bs,A,48,48.00000000000001,51.0,4,|2V>,1.4306734141019476e-09
After BS (Heisenberg),after_bs,A,48,48.00000000000001,51.0,5,|HV>,1.4607371848952364e-09
After BS (Heisenberg),after_bs,A,49,49.0,50.00000000000001,0,|vac>,0.9998867889037897
After BS (Heisenberg),after_bs,A,49,49.0,50.00000000000001,1,|H>,5.6485472153727335e-05
After BS (Heisenberg),after_bs,A,49,49.0,50.00000000000001,2,|V>,5.6722729115726606e-05
After BS (Heisenberg),after_bs,A,49,49.0,50.00000000000001,3,|2H>,9.841559135441834e-10
After BS (Heisenberg),after_bs,A,49,49.0,50.00000000000001,4,|2V>,9.454586585283855e-10
After BS (Heisenberg),after_bs,A,49,49.0,50.00000000000001,5,|HV>,9.65326262220727e-10
After BS (Heisenberg),after_bs,A,50,50.00000000000001,49.0,0,|vac>,0.999905984324821
After BS (Heisenberg),after_bs,A,50,50.00000000000001,49.0,1,|H>,4.6874808917375275e-05
After BS (Heisenberg),after_bs,A,50,50.00000000000001,49.0,2,|V>,4.7139029883718124e-05
After BS (Heisenberg),after_bs,A,50,50.00000000000001,49.0,3,|2H>,6.242899386850185e-10
After BS (Heisenberg),after_bs,A,50,50.00000000000001,49.0,4,|2V>,5.997427032026783e-10
After BS (Heisenberg),after_bs,A,50,50.00000000000001,49.0,5,|HV>,6.123455285479318e-10
After BS (Heisenberg),after_bs,A,51,51.0,48.00000000000001,0,|vac>,0.9999231404451894
After BS (Heisenberg),after_bs,A,51,51.0,48.00000000000001,1,|H>,3.8293230809984475e-05
After BS (Heisenberg),after_bs,A,51,51.0,48.00000000000001,2,|V>,3.856521200704717e-05
After BS (Heisenberg),after_bs,A,51,51.0,48.00000000000001,3,|2H>,3.78030167816167e-10
After BS (Heisenberg),after_bs,A,51,51.0,48.00000000000001,4,|2V>,3.631659277030471e-10
After BS (Heisenberg),after_bs,A,51,51.0,48.00000000000001,5,|HV>,3.7079739488680383e-10
After BS (Heisenberg),after_bs,A,52,52.0,47.00000000000001,0,|vac>,0.9999382354524086
After BS (Heisenberg),after_bs,A,52,52.0,47.00000000000001,1,|H>,3.074977835128843e-05
After BS (Heisenberg),after_bs,A,52,52.0,47.00000000000001,2,|V>,3.101413116315373e-05
After BS (Heisenberg),after_bs,A,52,52.0,47.00000000000001,3,|2H>,2.1691867062642192e-10
After BS (Heisenberg),after_bs,A,52,52.0,47.00000000000001,4,|2V>,2.0838937460796907e-10
After BS (Heisenberg),after_bs,A,52,52.0,47.00000000000001,5,|HV>,2.127684106145236e-10
After BS (Heisenberg),after_bs,A,53,53.00000000000001,46.0,0,|vac>,0.9999512973428697
After BS (Heisenberg),after_bs,A,53,53.00000000000001,46.0,1,|H>,2.422858360021955e-05
After BS (Heisenberg),after_bs,A,53,53.00000000000001,46.0,2,|V>,2.4473730079638486e-05
After BS (Heisenberg),after_bs,A,53,53.00000000000001,46.0,3,|2H>,1.1675816837003816e-10
After BS (Heisenberg),after_bs,A,53,53.00000000000001,46.0,4,|2V>,1.1216720818332639e-10
After BS (Heisenberg),after_bs,A,53,53.00000000000001,46.0,5,|HV>,1.1452425850949271e-10
After BS (Heisenberg),after_bs,A,54,54.0,45.00000000000001,0,|vac>,0.9999623990778351
After BS (Heisenberg),after_bs,A,54,54.0,45.00000000000001,1,|H>,1.86913821133338e-05
After BS (Heisenberg),after_bs,A,54,54.0,45.00000000000001,2,|V>,1.8909369191804046e-05
After BS (Heisenberg),after_bs,A,54,54.0,45.00000000000001,3,|2H>,5.80847313017815e-11
After BS (Heisenberg),after_bs,A,54,54.0,45.00000000000001,4,|2V>,5.580082523691772e-11
After BS (Heisenberg),after_bs,A,54,54.0,45.00000000000001,5,|HV>,5.697340816427687e-11
After BS (Heisenberg),after_bs,A,55,55.0,44.00000000000001,0,|vac>,0.999971652299566
After BS (Heisenberg),after_bs,A,55,55.0,44.00000000000001,1,|H>,1.4080730984638866e-05
After BS (Heisenberg),after_bs,A,55,55.0,44.00000000000001,2,|V>,1.4266892690770683e-05
After BS (Heisenberg),after_bs,A,55,55.0,44.00000000000001,3,|2H>,2.6094715454782006e-11
After BS (Heisenberg),after_bs,A,55,55.0,44.00000000000001,4,|2V>,2.5068664760349978e-11
After BS (Heisenberg),after_bs,A,55,55.0,44.00000000000001,5,|HV>,2.5595450666917863e-11
After BS (Heisenberg),after_bs,A,56,56.00000000000001,43.0,0,|vac>,0.9999791999743658
After BS (Heisenberg),after_bs,A,56,56.00000000000001,43.0,1,|H>,1.0323745122169243e-05
After BS (Heisenberg),after_bs,A,56,56.00000000000001,43.0,2,|V>,1.0476250592415995e-05
After BS (Heisenberg),after_bs,A,56,56.00000000000001,43.0,3,|2H>,1.0171684930034101e-11
After BS (Heisenberg),after_bs,A,56,56.00000000000001,43.0,4,|2V>,9.771731751617418e-12
After BS (Heisenberg),after_bs,A,56,56.00000000000001,43.0,5,|HV>,9.977072188323296e-12
After BS (Heisenberg),after_bs,A,57,57.0,42.00000000000001,0,|vac>,0.9999852083744156
After BS (Heisenberg),after_bs,A,57,57.0,42.00000000000001,1,|H>,7.33614331353349e-06
After BS (Heisenberg),after_bs,A,57,57.0,42.00000000000001,2,|V>,7.4554729299951675e-06
After BS (Heisenberg),after_bs,A,57,57.0,42.00000000000001,3,|2H>,3.1755341457260037e-12
After BS (Heisenberg),after_bs,A,57,57.0,42.00000000000001,4,|2V>,3.0506713542132965e-12
After BS (Heisenberg),after_bs,A,57,57.0,42.00000000000001,5,|HV>,3.114777308412687e-12
After BS (Heisenberg),after_bs,A,58,58.0,41.0,0,|vac>,0.9999898588294267
After BS (Heisenberg),after_bs,A,58,58.0,41.0,1,|H>,5.026388126206777e-06
After BS (Heisenberg),after_bs,A,58,58.0,41.0,2,|V>,5.114780551414824e-06
After BS (Heisenberg),after_bs,A,58,58.0,41.0,3,|2H>,6.444663462981898e-13
After BS (Heisenberg),after_bs,A,58,58.0,41.0,4,|2V>,6.191257694557361e-13
After BS (Heisenberg),after_bs,A,58,58.0,41.0,5,|HV>,6.321359051316104e-13
After BS (Heisenberg),after_bs,A,59,59.00000000000001,40.0,0,|vac>,0.9999933396711418
After BS (Heisenberg),after_bs,A,59,59.00000000000001,40.0,1,|H>,3.2997096318943146e-06
After BS (Heisenberg),after_bs,A,59,59.00000000000001,40.0,2,|V>,3.36061914069384e-06
After BS (Heisenberg),after_bs,A,59,59.00000000000001,40.0,3,|2H>,2.904424022299465e-14
After BS (Heisenberg),after_bs,A,59,59.00000000000001,40.0,4,|2V>,2.7902213481904943e-14
After BS (Heisenberg),after_bs,A,59,59.00000000000001,40.0,5,|HV>,2.8488542788434565e-14
After BS (Heisenberg),after_bs,A,60,60.00000000000001,39.00000000000001,0,|vac>,0.9999958387589875
After BS (Heisenberg),after_bs,A,60,60.00000000000001,39.00000000000001,1,|H>,2.0618219171637324e-06
After BS (Heisenberg),after_bs,A,60,60.00000000000001,39.00000000000001,2,|V>,2.099418987535525e-06
After BS (Heisenberg),after_bs,A,60,60.00000000000001,39.00000000000001,3,|2H>,3.648051886386383e-14
After BS (Heisenberg),after_bs,A,60,60.00000000000001,39.00000000000001,4,|2V>,3.504609579925083e-14
After BS (Heisenberg),after_bs,A,60,60.00000000000001,39.00000000000001,5,|HV>,3.578254464977724e-14
After BS (Heisenberg),after_bs,A,61,61.00000000000001,38.0,0,|vac>,0.999997536915907
After BS (Heisenberg),after_bs,A,61,61.00000000000001,38.0,1,|H>,1.2221720440556672e-06
After BS (Heisenberg),after_bs,A,61,61.00000000000001,38.0,2,|V>,1.2409116887152548e-06
After BS (Heisenberg),after_bs,A,61,61.00000000000001,38.0,3,|2H>,1.2239584783375137e-13
After BS (Heisenberg),after_bs,A,61,61.00000000000001,38.0,4,|2V>,1.1758321269000055e-13
After BS (Heisenberg),after_bs,A,61,61.00000000000001,38.0,5,|HV>,1.200540734193505e-13
After BS (Heisenberg),after_bs,A,62,62.0,37.0,0,|vac>,0.9999986025240701
After BS (Heisenberg),after_bs,A,62,62.0,37.0,1,|H>,6.966012949396556e-07
After BS (Heisenberg),after_bs,A,62,62.0,37.0,2,|V>,7.008742422433773e-07
After BS (Heisenberg),after_bs,A,62,62.0,37.0,3,|2H>,1.336014835290738e-13
After BS (Heisenberg),after_bs,A,62,62.0,37.0,4,|2V>,1.2834824000592382e-13
After BS (Heisenberg),after_bs,A,62,62.0,37.0,5,|HV>,1.3104531400703263e-13
After BS (Heisenberg),after_bs,A,63,63.00000000000001,36.00000000000001,0,|vac>,0.999999187437116
After BS (Heisenberg),after_bs,A,63,63.00000000000001,36.00000000000001,1,|H>,4.093449866407064e-07
After BS (Heisenberg),after_bs,A,63,63.00000000000001,36.00000000000001,2,|V>,4.0321765346401353e-07
After BS (Heisenberg),after_bs,A,63,63.00000000000001,36.00000000000001,3,|2H>,8.275918944121929e-14
After BS (Heisenberg),after_bs,A,63,63.00000000000001,36.00000000000001,4,|2V>,7.950507755239425e-14
After BS (Heisenberg),after_bs,A,63,63.00000000000001,36.00000000000001,5,|HV>,8.117577500499758e-14
After BS (Heisenberg),after_bs,A,64,64.0,35.0,0,|vac>,0.9999994242668682
After BS (Heisenberg),after_bs,A,64,64.0,35.0,1,|H>,2.9434595374652436e-07
After BS (Heisenberg),after_bs,A,64,64.0,35.0,2,|V>,2.813871061199523e-07
After BS (Heisenberg),after_bs,A,64,64.0,35.0,3,|2H>,2.4425341872469034e-14
After BS (Heisenberg),after_bs,A,64,64.0,35.0,4,|2V>,2.3464931361994746e-14
After BS (Heisenberg),after_bs,A,64,64.0,35.0,5,|HV>,2.395801686370238e-14
After BS (Heisenberg),after_bs,A,65,65.0,34.0,0,|vac>,0.9999994250068536
After BS (Heisenberg),after_bs,A,65,65.0,34.0,1,|H>,2.959037241558976e-07
After BS (Heisenberg),after_bs,A,65,65.0,34.0,2,|V>,2.79089422703481e-07
After BS (Heisenberg),after_bs,A,65,65.0,34.0,3,|2H>,4.091562828749828e-18
After BS (Heisenberg),after_bs,A,65,65.0,34.0,4,|2V>,3.9306815617721075e-18
After BS (Heisenberg),after_bs,A,65,65.0,34.0,5,|HV>,4.013279804686011e-18
After BS (Heisenberg),after_bs,A,66,66.00000000000001,33.00000000000001,0,|vac>,0.9999992808710074
After BS (Heisenberg),after_bs,A,66,66.00000000000001,33.00000000000001,1,|H>,3.687223681891669e-07
After BS (Heisenberg),after_bs,A,66,66.00000000000001,33.00000000000001,2,|V>,3.5040655522396967e-07
After BS (Heisenberg),after_bs,A,66,66.00000000000001,33.00000000000001,3,|2H>,2.3348504833697983e-14
After BS (Heisenberg),after_bs,A,66,66.00000000000001,33.00000000000001,4,|2V>,2.243043582315398e-14
After BS (Heisenberg),after_bs,A,66,66.00000000000001,33.00000000000001,5,|HV>,2.290178272504198e-14
After BS (Heisenberg),after_bs,A,67,67.0,32.0,0,|vac>,0.9999990631605148
After BS (Heisenberg),after_bs,A,67,67.0,32.0,1,|H>,4.774516596976934e-07
After BS (Heisenberg),after_bs,A,67,67.0,32.0,2,|V>,4.593875722443127e-07
After BS (Heisenberg),after_bs,A,67,67.0,32.0,3,|2H>,8.592095209961315e-14
After BS (Heisenberg),after_bs,A,67,67.0,32.0,4,|2V>,8.254251891764812e-14
After BS (Heisenberg),after_bs,A,67,67.0,32.0,5,|HV>,8.427704431304025e-14
After BS (Heisenberg),after_bs,A,68,68.0,31.0,0,|vac>,0.9999988249294418
After BS (Heisenberg),after_bs,A,68,68.0,31.0,1,|H>,5.958364050208285e-07
After BS (Heisenberg),after_bs,A,68,68.0,31.0,2,|V>,5.792336594461318e-07
After BS (Heisenberg),after_bs,A,68,68.0,31.0,3,|2H>,1.67984538061857e-13
After BS (Heisenberg),after_bs,A,68,68.0,31.0,4,|2V>,1.613793442926828e-13
After BS (Heisenberg),after_bs,A,68,68.0,31.0,5,|HV>,1.647705246764954e-13
After BS (Heisenberg),after_bs,A,69,69.00000000000001,30.000000000000004,0,|vac>,0.9999986032021869
After BS (Heisenberg),after_bs,A,69,69.00000000000001,30.000000000000004,1,|H>,7.055968929936915e-07
After BS (Heisenberg),after_bs,A,69,69.00000000000001,30.000000000000004,2,|V>,6.912001884091231e-07
After BS (Heisenberg),after_bs,A,69,69.00000000000001,30.000000000000004,3,|2H>,2.486510503652096e-13
After BS (Heisenberg),after_bs,A,69,69.00000000000001,30.000000000000004,4,|2V>,2.3887402929211496e-13
After BS (Heisenberg),after_bs,A,69,69.00000000000001,30.000000000000004,5,|HV>,2.4389366130198456e-13
After BS (Heisenberg),after_bs,A,70,70.0,29.0,0,|vac>,0.9999984215012624
After BS (Heisenberg),after_bs,A,70,70.0,29.0,1,|H>,7.95160178258611e-07
After BS (Heisenberg),after_bs,A,70,70.0,29.0,2,|V>,7.833376408896213e-07
After BS (Heisenberg),after_bs,A,70,70.0,29.0,3,|2H>,3.120935453385483e-13
After BS (Heisenberg),after_bs,A,70,70.0,29.0,4,|2V>,2.998219496023907e-13
After BS (Heisenberg),after_bs,A,70,70.0,29.0,5,|HV>,3.0612232415472687e-13
After BS (Heisenberg),after_bs,A,71,71.0,28.000000000000004,0,|vac>,0.9999982924685302
After BS (Heisenberg),after_bs,A,71,71.0,28.000000000000004,1,|H>,8.583493312268332e-07
After BS (Heisenberg),after_bs,A,71,71.0,28.000000000000004,2,|V>,8.491811091464105e-07
After BS (Heisenberg),after_bs,A,71,71.0,28.000000000000004,3,|2H>,3.498618103438611e-13
After BS (Heisenberg),after_bs,A,71,71.0,28.000000000000004,4,|2V>,3.3610515704456983e-13
After BS (Heisenberg),after_bs,A,71,71.0,28.000000000000004,5,|HV>,3.4316797676567486e-13
After BS (Heisenberg),after_bs,A,72,72.00000000000001,27.0,0,|vac>,0.9999982204011875
After BS (Heisenberg),after_bs,A,72,72.00000000000001,27.0,1,|H>,8.93118666898899e-07
After BS (Heisenberg),after_bs,A,72,72.00000000000001,27.0,2,|V>,8.864790854202727e-07
After BS (Heisenberg),after_bs,A,72,72.00000000000001,27.0,3,|2H>,3.6041226727816546e-13
After BS (Heisenberg),after_bs,A,72,72.00000000000001,27.0,4,|2V>,3.462407673914684e-13
After BS (Heisenberg),after_bs,A,72,72.00000000000001,27.0,5,|HV>,3.5351657399196323e-13
After BS (Heisenberg),after_bs,A,73,73.0,26.0,0,|vac>,0.9999982035690934
After BS (Heisenberg),after_bs,A,73,73.0,26.0,1,|H>,9.004003919039321e-07
After BS (Heisenberg),after_bs,A,73,73.0,26.0,2,|V>,8.960294926920219e-07
After BS (Heisenberg),after_bs,A,73,73.0,26.0,3,|2H>,3.471926606143074e-13
After BS (Heisenberg),after_bs,A,73,73.0,26.0,4,|2V>,3.335409589455674e-13
After BS (Heisenberg),after_bs,A,73,73.0,26.0,5,|HV>,3.4054989532536784e-13
After BS (Heisenberg),after_bs,A,74,74.0,25.000000000000004,0,|vac>,0.9999982362266561
After BS (Heisenberg),after_bs,A,74,74.0,25.000000000000004,1,|H>,8.831049981758663e-07
After BS (Heisenberg),after_bs,A,74,74.0,25.000000000000004,2,|V>,8.806674154483903e-07
After BS (Heisenberg),after_bs,A,74,74.0,25.000000000000004,3,|2H>,3.163653664338365e-13
After BS (Heisenberg),after_bs,A,74,74.0,25.000000000000004,4,|2V>,3.03925801630541e-13
After BS (Heisenberg),after_bs,A,74,74.0,25.000000000000004,5,|HV>,3.103124133813472e-13
After BS (Heisenberg),after_bs,A,75,75.00000000000001,24.000000000000004,0,|vac>,0.9999983102754916
After BS (Heisenberg),after_bs,A,75,75.00000000000001,24.000000000000004,1,|H>,8.452964596105159e-07
After BS (Heisenberg),after_bs,A,75,75.00000000000001,24.000000000000004,2,|V>,8.444272406098768e-07
After BS (Heisenberg),after_bs,A,75,75.00000000000001,24.000000000000004,3,|2H>,2.748404364550363e-13
After BS (Heisenberg),after_bs,A,75,75.00000000000001,24.000000000000004,4,|2V>,2.640336422145483e-13
After BS (Heisenberg),after_bs,A,75,75.00000000000001,24.000000000000004,5,|HV>,2.695819712899275e-13
After BS (Heisenberg),after_bs,A,76,76.0,23.0,0,|vac>,0.999998416570202
After BS (Heisenberg),after_bs,A,76,76.0,23.0,1,|H>,7.915454914482874e-07
After BS (Heisenberg),after_bs,A,76,76.0,23.0,2,|V>,7.91883632988113e-07
After BS (Heisenberg),after_bs,A,76,76.0,23.0,3,|2H>,2.289104373536408e-13
After BS (Heisenberg),after_bs,A,76,76.0,23.0,4,|2V>,2.1990962208804705e-13
After BS (Heisenberg),after_bs,A,76,76.0,23.0,5,|HV>,2.2453074135140544e-13
After BS (Heisenberg),after_bs,A,77,77.0,22.000000000000004,0,|vac>,0.9999985458869426
After BS (Heisenberg),after_bs,A,77,77.0,22.000000000000004,1,|H>,7.264506624366052e-07
After BS (Heisenberg),after_bs,A,77,77.0,22.000000000000004,2,|V>,7.276618553275324e-07
After BS (Heisenberg),after_bs,A,77,77.0,22.000000000000004,3,|2H>,1.8351286332485258e-13
After BS (Heisenberg),after_bs,A,77,77.0,22.000000000000004,4,|2V>,1.7629709194837218e-13
After BS (Heisenberg),after_bs,A,77,77.0,22.000000000000004,5,|HV>,1.800017497073423e-13
After BS (Heisenberg),after_bs,A,78,78.00000000000001,21.000000000000004,0,|vac>,0.9999986895928403
After BS (Heisenberg),after_bs,A,78,78.00000000000001,21.000000000000004,1,|H>,6.543081577621637e-07
After BS (Heisenberg),after_bs,A,78,78.00000000000001,21.000000000000004,2,|V>,6.560985840734011e-07
After BS (Heisenberg),after_bs,A,78,78.00000000000001,21.000000000000004,3,|2H>,1.4200086255037683e-13
After BS (Heisenberg),after_bs,A,78,78.00000000000001,21.000000000000004,4,|2V>,1.364173533569251e-13
After BS (Heisenberg),after_bs,A,78,78.00000000000001,21.000000000000004,5,|HV>,1.3928398944811752e-13
After BS (Heisenberg),after_bs,A,79,79.0,20.0,0,|vac>,0.9999988400643971
After BS (Heisenberg),after_bs,A,79,79.0,20.0,1,|H>,5.789060926755275e-07
After BS (Heisenberg),after_bs,A,79,79.0,20.0,2,|V>,5.8102919763038e-07
After BS (Heisenberg),after_bs,A,79,79.0,20.0,3,|2H>,1.0625306398805342e-13
After BS (Heisenberg),after_bs,A,79,79.0,20.0,4,|2V>,1.0207516711479332e-13
After BS (Heisenberg),after_bs,A,79,79.0,20.0,5,|HV>,1.0422014611428345e-13
After BS (Heisenberg),after_bs,A,80,80.0,19.0,0,|vac>,0.9999989909062197
After BS (Heisenberg),after_bs,A,80,80.0,19.0,1,|H>,5.034177527470344e-07
After BS (Heisenberg),after_bs,A,80,80.0,19.0,2,|V>,5.056758018189253e-07
After BS (Heisenberg),after_bs,A,80,80.0,19.0,3,|2H>,7.696275229353671e-14
After BS (Heisenberg),after_bs,A,80,80.0,19.0,4,|2V>,7.393655775273438e-14
After BS (Heisenberg),after_bs,A,80,80.0,19.0,5,|HV>,7.549023988834101e-14
After BS (Heisenberg),after_bs,A,81,81.00000000000001,18.000000000000004,0,|vac>,0.9999991370195945
After BS (Heisenberg),after_bs,A,81,81.00000000000001,18.000000000000004,1,|H>,4.3036911886448663e-07
After BS (Heisenberg),after_bs,A,81,81.00000000000001,18.000000000000004,2,|V>,4.3261112782571325e-07
After BS (Heisenberg),after_bs,A,81,81.00000000000001,18.000000000000004,3,|2H>,5.398419177530215e-14
After BS (Heisenberg),after_bs,A,81,81.00000000000001,18.000000000000004,4,|2V>,5.1861519943116234e-14
After BS (Heisenberg),after_bs,A,81,81.00000000000001,18.000000000000004,5,|HV>,5.2951323411351026e-14
After BS (Heisenberg),after_bs,A,82,82.0,17.0,0,|vac>,0.9999992745652229
After BS (Heisenberg),after_bs,A,82,82.0,17.0,1,|H>,3.616586587546672e-07
After BS (Heisenberg),after_bs,A,82,82.0,17.0,2,|V>,3.637760102878584e-07
After BS (Heisenberg),after_bs,A,82,82.0,17.0,3,|2H>,3.665781048396352e-14
After BS (Heisenberg),after_bs,A,82,82.0,17.0,4,|2V>,3.5216416268720446e-14
After BS (Heisenberg),after_bs,A,82,82.0,17.0,5,|HV>,3.595644418579366e-14
After BS (Heisenberg),after_bs,A,83,83.0,16.0,0,|vac>,0.9999994008574044
After BS (Heisenberg),after_bs,A,83,83.0,16.0,1,|H>,2.986108730990206e-07
After BS (Heisenberg),after_bs,A,83,83.0,16.0,2,|V>,3.00531651355486e-07
After BS (Heisenberg),after_bs,A,83,83.0,16.0,3,|2H>,2.4074128723544614e-14
After BS (Heisenberg),after_bs,A,83,83.0,16.0,4,|2V>,2.3127528001287047e-14
After BS (Heisenberg),after_bs,A,83,83.0,16.0,5,|HV>,2.3613523403314487e-14
After BS (Heisenberg),after_bs,A,84,84.00000000000001,15.000000000000002,0,|vac>,0.999999514219394
After BS (Heisenberg),after_bs,A,84,84.00000000000001,15.000000000000002,1,|H>,2.4204887436695777e-07
After BS (Heisenberg),after_bs,A,84,84.00000000000001,15.000000000000002,2,|V>,2.437316864151639e-07
After BS (Heisenberg),after_bs,A,84,84.00000000000001,15.000000000000002,3,|2H>,1.5264003459087592e-14
After BS (Heisenberg),after_bs,A,84,84.00000000000001,15.000000000000002,4,|2V>,1.4663819051026563e-14
After BS (Heisenberg),after_bs,A,84,84.00000000000001,15.000000000000002,5,|HV>,1.497196044137695e-14
After BS (Heisenberg),after_bs,A,85,85.0,14.000000000000002,0,|vac>,0.9999996138222952
After BS (Heisenberg),after_bs,A,85,85.0,14.000000000000002,1,|H>,1.9237492602120224e-07
After BS (Heisenberg),after_bs,A,85,85.0,14.000000000000002,2,|V>,1.9380275185394654e-07
After BS (Heisenberg),after_bs,A,85,85.0,14.000000000000002,3,|2H>,9.319771731503447e-15
After BS (Heisenberg),after_bs,A,85,85.0,14.000000000000002,4,|2V>,8.953315991689011e-15
After BS (Heisenberg),after_bs,A,85,85.0,14.000000000000002,5,|HV>,9.141458468578325e-15
After BS (Heisenberg),after_bs,A,86,86.0,13.0,0,|vac>,0.9999996995233251
After BS (Heisenberg),after_bs,A,86,86.0,13.0,1,|H>,1.4965111591872414e-07
After BS (Heisenberg),after_bs,A,86,86.0,13.0,2,|V>,1.508255427159576e-07
After BS (Heisenberg),after_bs,A,86,86.0,13.0,3,|2H>,5.460248723880498e-15
After BS (Heisenberg),after_bs,A,86,86.0,13.0,4,|2V>,5.2455503875793615e-15
After BS (Heisenberg),after_bs,A,86,86.0,13.0,5,|HV>,5.3557789155774e-15
After BS (Heisenberg),after_bs,A,87,87.00000000000001,12.000000000000002,0,|vac>,0.9999997717138387
After BS (Heisenberg),after_bs,A,87,87.00000000000001,12.000000000000002,1,|H>,1.1367505037074382e-07
After BS (Heisenberg),after_bs,A,87,87.00000000000001,12.000000000000002,2,|V>,1.1461110197242742e-07
After BS (Heisenberg),after_bs,A,87,87.00000000000001,12.000000000000002,3,|2H>,3.0549519181123885e-15
After BS (Heisenberg),after_bs,A,87,87.00000000000001,12.000000000000002,4,|2V>,2.934830449815407e-15
After BS (Heisenberg),after_bs,A,87,87.00000000000001,12.000000000000002,5,|HV>,2.9965021556805938e-15
After BS (Heisenberg),after_bs,A,88,88.00000000000001,11.000000000000002,0,|vac>,0.9999998311831253
After BS (Heisenberg),after_bs,A,88,88.00000000000001,11.000000000000002,1,|H>,8.404760246468164e-08
After BS (Heisenberg),after_bs,A,88,88.00000000000001,11.000000000000002,2,|V>,8.476926772588047e-08
After BS (Heisenberg),after_bs,A,88,88.00000000000001,11.000000000000002,3,|2H>,1.6218346625364011e-15
After BS (Heisenberg),after_bs,A,88,88.00000000000001,11.000000000000002,4,|2V>,1.558063720683159e-15
After BS (Heisenberg),after_bs,A,88,88.00000000000001,11.000000000000002,5,|HV>,1.5908044357226651e-15
After BS (Heisenberg),after_bs,A,89,89.0,10.0,0,|vac>,0.9999998790007839
After BS (Heisenberg),after_bs,A,89,89.0,10.0,1,|H>,6.023136284735393e-08
After BS (Heisenberg),after_bs,A,89,89.0,10.0,2,|V>,6.076785115546447e-08
After BS (Heisenberg),after_bs,A,89,89.0,10.0,3,|2H>,8.100826623962022e-16
After BS (Heisenberg),after_bs,A,89,89.0,10.0,4,|2V>,7.782300108581434e-16
After BS (Heisenberg),after_bs,A,89,89.0,10.0,5,|HV>,7.94583518531868e-16
After BS (Heisenberg),after_bs,A,90,90.00000000000001,9.000000000000002,0,|vac>,0.9999999164181105
After BS (Heisenberg),after_bs,A,90,90.00000000000001,9.000000000000002,1,|H>,4.1599593041418126e-08
After BS (Heisenberg),after_bs,A,90,90.00000000000001,9.000000000000002,2,|V>,4.198229570057826e-08
After BS (Heisenberg),after_bs,A,90,90.00000000000001,9.000000000000002,3,|2H>,3.763783584247719e-16
After BS (Heisenberg),after_bs,A,90,90.00000000000001,9.000000000000002,4,|2V>,3.615790678788633e-16
After BS (Heisenberg),after_bs,A,90,90.00000000000001,9.000000000000002,5,|HV>,3.6917718923463653e-16
After BS (Heisenberg),after_bs,A,91,91.00000000000001,8.0,0,|vac>,0.9999999447873819
After BS (Heisenberg),after_bs,A,91,91.00000000000001,8.0,1,|H>,2.747625592839199e-08
After BS (Heisenberg),after_bs,A,91,91.00000000000001,8.0,2,|V>,2.7736362588096978e-08
After BS (Heisenberg),after_bs,A,91,91.00000000000001,8.0,3,|2H>,1.6015806323587056e-16
After BS (Heisenberg),after_bs,A,91,91.00000000000001,8.0,4,|2V>,1.5386060843077354e-16
After BS (Heisenberg),after_bs,A,91,91.00000000000001,8.0,5,|HV>,1.5709379219410887e-16
After BS (Heisenberg),after_bs,A,92,92.0,7.000000000000001,0,|vac>,0.9999999654969317
After BS (Heisenberg),after_bs,A,92,92.0,7.000000000000001,1,|H>,1.71681817823734e-08
After BS (Heisenberg),after_bs,A,92,92.0,7.000000000000001,2,|V>,1.7334886563603914e-08
After BS (Heisenberg),after_bs,A,92,92.0,7.000000000000001,3,|2H>,6.107819121435063e-17
After BS (Heisenberg),after_bs,A,92,92.0,7.000000000000001,4,|2V>,5.867658156998525e-17
After BS (Heisenberg),after_bs,A,92,92.0,7.000000000000001,5,|HV>,5.990959483696969e-17
After BS (Heisenberg),after_bs,A,93,93.00000000000001,6.000000000000001,0,|vac>,0.9999999799193715
After BS (Heisenberg),after_bs,A,93,93.00000000000001,6.000000000000001,1,|H>,9.990700054247617e-09
After BS (Heisenberg),after_bs,A,93,93.00000000000001,6.000000000000001,2,|V>,1.0089928360368892e-08
After BS (Heisenberg),after_bs,A,93,93.00000000000001,6.000000000000001,3,|2H>,2.0232237258065126e-17
After BS (Heisenberg),after_bs,A,93,93.00000000000001,6.000000000000001,4,|2V>,1.9436700669822612e-17
After BS (Heisenberg),after_bs,A,93,93.00000000000001,6.000000000000001,5,|HV>,1.9845138058294518e-17
After BS (Heisenberg),after_bs,A,94,94.00000000000001,5.0,0,|vac>,0.9999999893700209
After BS (Heisenberg),after_bs,A,94,94.00000000000001,5.0,1,|H>,5.288193966751412e-09
After BS (Heisenberg),after_bs,A,94,94.00000000000001,5.0,2,|V>,5.341784912442732e-09
After BS (Heisenberg),after_bs,A,94,94.00000000000001,5.0,3,|2H>,5.552513142382406e-18
After BS (Heisenberg),after_bs,A,94,94.00000000000001,5.0,4,|2V>,5.3341869459208885e-18
After BS (Heisenberg),after_bs,A,94,94.00000000000001,5.0,5,|HV>,5.446278057235897e-18
After BS (Heisenberg),after_bs,A,95,95.0,4.0,0,|vac>,0.9999999950725699
After BS (Heisenberg),after_bs,A,95,95.0,4.0,1,|H>,2.4510707805374065e-09
After BS (Heisenberg),after_bs,A,95,95.0,4.0,2,|V>,2.47635930198122e-09
After BS (Heisenberg),after_bs,A,95,95.0,4.0,3,|2H>,1.170100468586257e-18
After BS (Heisenberg),after_bs,A,95,95.0,4.0,4,|2V>,1.1240918259830349e-18
After BS (Heisenberg),after_bs,A,95,95.0,4.0,5,|HV>,1.1477131770751165e-18
After BS (Heisenberg),after_bs,A,96,96.00000000000001,3.0000000000000004,0,|vac>,0.9999999981289911
After BS (Heisenberg),after_bs,A,96,96.00000000000001,3.0000000000000004,1,|H>,9.306268569699423e-10
After BS (Heisenberg),after_bs,A,96,96.00000000000001,3.0000000000000004,2,|V>,9.403821484870065e-10
After BS (Heisenberg),after_bs,A,96,96.00000000000001,3.0000000000000004,3,|2H>,1.657062679447261e-19
After BS (Heisenberg),after_bs,A,96,96.00000000000001,3.0000000000000004,4,|2V>,1.591906567425854e-19
After BS (Heisenberg),after_bs,A,96,96.00000000000001,3.0000000000000004,5,|HV>,1.6253584359685242e-19
After BS (Heisenberg),after_bs,A,97,97.00000000000001,2.0,0,|vac>,0.9999999994907998
After BS (Heisenberg),after_bs,A,97,97.00000000000001,2.0,1,|H>,2.532542627983681e-10
After BS (Heisenberg),after_bs,A,97,97.00000000000001,2.0,2,|V>,2.5594605512774464e-10
After BS (Heisenberg),after_bs,A,97,97.00000000000001,2.0,3,|2H>,1.207549761211425e-20
After BS (Heisenberg),after_bs,A,97,97.00000000000001,2.0,4,|2V>,1.160068602285584e-20
After BS (Heisenberg),after_bs,A,97,97.00000000000001,2.0,5,|HV>,1.1844459715392262e-20
After BS (Heisenberg),after_bs,A,98,98.0,1.0,0,|vac>,0.9999999999288052
After BS (Heisenberg),after_bs,A,98,98.0,1.0,1,|H>,3.540699954732024e-11
After BS (Heisenberg),after_bs,A,98,98.0,1.0,2,|V>,3.5787640117643037e-11
After BS (Heisenberg),after_bs,A,98,98.0,1.0,3,|2H>,2.3283095002042857e-22
After BS (Heisenberg),after_bs,A,98,98.0,1.0,4,|2V>,2.2367592412531016e-22
After BS (Heisenberg),after_bs,A,98,98.0,1.0,5,|HV>,2.283761959761071e-22
After BS (Heisenberg),after_bs,A,99,99.0,0.0,0,|vac>,0.9999999999985203
After BS (Heisenberg),after_bs,A,99,99.0,0.0,1,|H>,7.35949980008508e-13
After BS (Heisenberg),after_bs,A,99,99.0,0.0,2,|V>,7.439057007398492e-13
After BS (Heisenberg),after_bs,A,99,99.0,0.0,3,|2H>,9.991012078474176e-26
After BS (Heisenberg),after_bs,A,99,99.0,0.0,4,|2V>,9.598162630132588e-26
After BS (Heisenberg),after_bs,A,99,99.0,0.0,5,|HV>,9.799857101548622e-26
After BS (Heisenberg),after_bs,B,0,0.0,99.0,0,|vac>,0.9999185528650716
After BS (Heisenberg),after_bs,B,0,0.0,99.0,1,|H>,4.152216612891032e-05
After BS (Heisenberg),after_bs,B,0,0.0,99.0,2,|V>,3.99231030783745e-05
After BS (Heisenberg),after_bs,B,0,0.0,99.0,3,|2H>,6.342654218781886e-10
After BS (Heisenberg),after_bs,B,0,0.0,99.0,4,|2V>,6.093259479185127e-10
After BS (Heisenberg),after_bs,B,0,0.0,99.0,5,|HV>,6.221301528866488e-10
After BS (Heisenberg),after_bs,B,1,1.0,98.0,0,|vac>,0.9999046146249039
After BS (Heisenberg),after_bs,B,1,1.0,98.0,1,|H>,4.8593004901332135e-05
After BS (Heisenberg),after_bs,B,1,1.0,98.0,2,|V>,4.678968699065698e-05
After BS (Heisenberg),after_bs,B,1,1.0,98.0,3,|2H>,9.121743930819174e-10
After BS (Heisenberg),after_bs,B,1,1.0,98.0,4,|2V>,8.76307469333209e-10
After BS (Heisenberg),after_bs,B,1,1.0,98.0,5,|HV>,8.947219492856681e-10
After BS (Heisenberg),after_bs,B,2,2.0,97.00000000000001,0,|vac>,0.999889522173356
After BS (Heisenberg),after_bs,B,2,2.0,97.00000000000001,1,|H>,5.6245290199090894e-05
After BS (Heisenberg),after_bs,B,2,2.0,97.00000000000001,2,|V>,5.422879846353049e-05
After BS (Heisenberg),after_bs,B,2,2.0,97.00000000000001,3,|2H>,1.270753795267023e-09
After BS (Heisenberg),after_bs,B,2,2.0,97.00000000000001,4,|2V>,1.2207874403420155e-09
After BS (Heisenberg),after_bs,B,2,2.0,97.00000000000001,5,|HV>,1.2464407260129671e-09
After BS (Heisenberg),after_bs,B,3,3.0000000000000004,96.00000000000001,0,|vac>,0.9998733103339701
After BS (Heisenberg),after_bs,B,3,3.0000000000000004,96.00000000000001,1,|H>,6.446108170530079e-05
After BS (Heisenberg),after_bs,B,3,3.0000000000000004,96.00000000000001,2,|V>,6.22235160592755e-05
After BS (Heisenberg),after_bs,B,3,3.0000000000000004,96.00000000000001,3,|2H>,1.7229932937129876e-09
After BS (Heisenberg),after_bs,B,3,3.0000000000000004,96.00000000000001,4,|2V>,1.6552447693586005e-09
After BS (Heisenberg),after_bs,B,3,3.0000000000000004,96.00000000000001,5,|HV>,1.690027619771785e-09
After BS (Heisenberg),after_bs,B,4,4.0,95.0,0,|vac>,0.9998560249117856
After BS (Heisenberg),after_bs,B,4,4.0,95.0,1,|H>,7.321687508629094e-05
After BS (Heisenberg),after_bs,B,4,4.0,95.0,2,|V>,7.075150052678034e-05
After BS (Heisenberg),after_bs,B,4,4.0,95.0,3,|2H>,2.2819969932631285e-09
After BS (Heisenberg),after_bs,B,4,4.0,95.0,4,|2V>,2.192268304568323e-09
After BS (Heisenberg),after_bs,B,4,4.0,95.0,5,|HV>,2.2383360172806652e-09
After BS (Heisenberg),after_bs,B,5,5.0,94.00000000000001,0,|vac>,0.9998377233046467
After BS (Heisenberg),after_bs,B,5,5.0,94.00000000000001,1,|H>,8.248329528003233e-05
After BS (Heisenberg),after_bs,B,5,5.0,94.00000000000001,2,|V>,7.978469135581688e-05
After BS (Heisenberg),after_bs,B,5,5.0,94.00000000000001,3,|2H>,2.9605910641606926e-09
After BS (Heisenberg),after_bs,B,5,5.0,94.00000000000001,4,|2V>,2.8441798880141723e-09
After BS (Heisenberg),after_bs,B,5,5.0,94.00000000000001,5,|HV>,2.9039466883233086e-09
After BS (Heisenberg),after_bs,B,6,6.000000000000001,93.00000000000001,0,|vac>,0.9998184750639089
After BS (Heisenberg),after_bs,B,6,6.000000000000001,93.00000000000001,1,|H>,9.222481590561548e-05
After BS (Heisenberg),after_bs,B,6,6.000000000000001,93.00000000000001,2,|V>,8.928902799129959e-05
After BS (Heisenberg),after_bs,B,6,6.000000000000001,93.00000000000001,3,|2H>,3.770871121254188e-09
After BS (Heisenberg),after_bs,B,6,6.000000000000001,93.00000000000001,4,|2V>,3.6225995319637525e-09
After BS (Heisenberg),after_bs,B,6,6.000000000000001,93.00000000000001,5,|HV>,3.6987238248536682e-09
After BS (Heisenberg),after_bs,B,7,7.000000000000001,92.0,0,|vac>,0.9997983623883971
After BS (Heisenberg),after_bs,B,7,7.000000000000001,92.0,1,|H>,0.00010239951300417295
After BS (Heisenberg),after_bs,B,7,7.000000000000001,92.0,2,|V>,9.922420363059215e-05
After BS (Heisenberg),after_bs,B,7,7.000000000000001,92.0,3,|2H>,4.7236940530259895e-09
After BS (Heisenberg),after_bs,B,7,7.000000000000001,92.0,4,|2V>,4.53795722934727e-09
After BS (Heisenberg),after_bs,B,7,7.000000000000001,92.0,5,|HV>,4.6333165927548235e-09
After BS (Heisenberg),after_bs,B,8,8.0,91.00000000000001,0,|vac>,0.9997774805335127
After BS (Heisenberg),after_bs,B,8,8.0,91.00000000000001,1,|H>,0.00011295886230496578
After BS (Heisenberg),after_bs,B,8,8.0,91.00000000000001,2,|V>,0.00010954346048787344
After BS (Heisenberg),after_bs,B,8,8.0,91.00000000000001,3,|2H>,5.828122128312426e-09
After BS (Heisenberg),after_bs,B,8,8.0,91.00000000000001,4,|2V>,5.598958918338776e-09
After BS (Heisenberg),after_bs,B,8,8.0,91.00000000000001,5,|HV>,5.716613874349629e-09
After BS (Heisenberg),after_bs,B,9,9.000000000000002,90.00000000000001,0,|vac>,0.999755938115423
After BS (Heisenberg),after_bs,B,9,9.000000000000002,90.00000000000001,1,|H>,0.00012384759019261384
After BS (Heisenberg),after_bs,B,9,9.000000000000002,90.00000000000001,2,|V>,0.00012019343637269158
After BS (Heisenberg),after_bs,B,9,9.000000000000002,90.00000000000001,3,|2H>,7.0908307435381406e-09
After BS (Heisenberg),after_bs,B,9,9.000000000000002,90.00000000000001,4,|2V>,6.81201751711738e-09
After BS (Heisenberg),after_bs,B,9,9.000000000000002,90.00000000000001,5,|HV>,6.955163347085184e-09
After BS (Heisenberg),after_bs,B,10,10.0,89.0,0,|vac>,0.9997338572884018
After BS (Heisenberg),after_bs,B,10,10.0,89.0,1,|H>,0.00013500358950290333
After BS (Heisenberg),after_bs,B,10,10.0,89.0,2,|V>,0.00013111407336667357
After BS (Heisenberg),after_bs,B,10,10.0,89.0,3,|2H>,8.515495044453653e-09
After BS (Heisenberg),after_bs,B,10,10.0,89.0,4,|2V>,8.18066366378967e-09
After BS (Heisenberg),after_bs,B,10,10.0,89.0,5,|HV>,8.352569840909485e-09
After BS (Heisenberg),after_bs,B,11,11.000000000000002,88.00000000000001,0,|vac>,0.9997113737715635
After BS (Heisenberg),after_bs,B,11,11.000000000000002,88.00000000000001,1,|H>,0.00014635791215801924
After BS (Heisenberg),after_bs,B,11,11.000000000000002,88.00000000000001,2,|V>,0.00014223860025739727
After BS (Heisenberg),after_bs,B,11,11.000000000000002,88.00000000000001,3,|2H>,1.0102174756096278e-08
After BS (Heisenberg),after_bs,B,11,11.000000000000002,88.00000000000001,4,|2V>,9.70495473498954e-09
After BS (Heisenberg),after_bs,B,11,11.000000000000002,88.00000000000001,5,|HV>,9.908891938152796e-09
After BS (Heisenberg),after_bs,B,12,12.000000000000002,87.00000000000001,0,|vac>,0.9996886366997336
After BS (Heisenberg),after_bs,B,12,12.000000000000002,87.00000000000001,1,|H>,0.00015783485142198747
After BS (Heisenberg),after_bs,B,12,12.000000000000002,87.00000000000001,2,|V>,0.00015349360115826915
After BS (Heisenberg),after_bs,B,12,12.000000000000002,87.00000000000001,3,|2H>,1.1846720728446836e-08
After BS (Heisenberg),after_bs,B,12,12.000000000000002,87.00000000000001,4,|2V>,1.1380904726307274e-08
After BS (Heisenberg),after_bs,B,12,12.000000000000002,87.00000000000001,5,|HV>,1.1620059873624266e-08
After BS (Heisenberg),after_bs,B,13,13.0,86.0,0,|vac>,0.9996658082719518
After BS (Heisenberg),after_bs,B,13,13.0,86.0,1,|H>,0.00016935212715908887
After BS (Heisenberg),after_bs,B,13,13.0,86.0,2,|V>,0.0001647991833554767
After BS (Heisenberg),after_bs,B,13,13.0,86.0,3,|2H>,1.3740230746034102e-08
After BS (Heisenberg),after_bs,B,13,13.0,86.0,4,|2V>,1.3199961459595662e-08
After BS (Heisenberg),after_bs,B,13,13.0,86.0,5,|HV>,1.3477341756098066e-08
After BS (Heisenberg),after_bs,B,14,14.000000000000002,85.0,0,|vac>,0.9996430631703013
After BS (Heisenberg),after_bs,B,14,14.000000000000002,85.0,1,|H>,0.00018082118784724108
After BS (Heisenberg),after_bs,B,14,14.000000000000002,85.0,2,|V>,0.00017606925781565148
After BS (Heisenberg),after_bs,B,14,14.000000000000002,85.0,3,|2H>,1.5768585794551968e-08
After BS (Heisenberg),after_bs,B,14,14.000000000000002,85.0,4,|2V>,1.5148561083699085e-08
After BS (Heisenberg),after_bs,B,14,14.000000000000002,85.0,5,|HV>,1.546688870744582e-08
After BS (Heisenberg),after_bs,B,15,15.000000000000002,84.00000000000001,0,|vac>,0.9996205877216671
After BS (Heisenberg),after_bs,B,15,15.000000000000002,84.00000000000001,1,|H>,0.00019214764315956845
After BS (Heisenberg),after_bs,B,15,15.000000000000002,84.00000000000001,2,|V>,0.0001872119458882658
After BS (Heisenberg),after_bs,B,15,15.000000000000002,84.00000000000001,3,|2H>,1.7912100907021935e-08
After BS (Heisenberg),after_bs,B,15,15.000000000000002,84.00000000000001,4,|2V>,1.720779264943029e-08
After BS (Heisenberg),after_bs,B,15,15.000000000000002,84.00000000000001,5,|HV>,1.756939238908551e-08
After BS (Heisenberg),after_bs,B,16,16.0,83.0,0,|vac>,0.9995985787755212
After BS (Heisenberg),after_bs,B,16,16.0,83.0,1,|H>,0.00020323184059367724
After BS (Heisenberg),after_bs,B,16,16.0,83.0,2,|V>,0.00019813012546133734
After BS (Heisenberg),after_bs,B,16,16.0,83.0,3,|2H>,2.0145326554324874e-08
After BS (Heisenberg),after_bs,B,16,16.0,83.0,4,|2V>,1.9353207309477875e-08
After BS (Heisenberg),after_bs,B,16,16.0,83.0,5,|HV>,1.9759890192470136e-08
After BS (Heisenberg),after_bs,B,17,17.0,82.0,0,|vac>,0.9995772422725165
After BS (Heisenberg),after_bs,B,17,17.0,82.0,1,|H>,0.00021396959880196791
After BS (Heisenberg),after_bs,B,17,17.0,82.0,2,|V>,0.00020872212908354363
After BS (Heisenberg),after_bs,B,17,17.0,82.0,3,|2H>,2.2437036885875902e-08
After BS (Heisenberg),after_bs,B,17,17.0,82.0,4,|2V>,2.1554807021459803e-08
After BS (Heisenberg),after_bs,B,17,17.0,82.0,5,|HV>,2.2007753704748378e-08
After BS (Heisenberg),after_bs,B,18,18.000000000000004,81.00000000000001,0,|vac>,0.9995567914813247
After BS (Heisenberg),after_bs,B,18,18.000000000000004,81.00000000000001,1,|H>,0.00022425310884928304
After BS (Heisenberg),after_bs,B,18,18.000000000000004,81.00000000000001,2,|V>,0.00021888260524567063
After BS (Heisenberg),after_bs,B,18,18.000000000000004,81.00000000000001,3,|2H>,2.4750439526633604e-08
After BS (Heisenberg),after_bs,B,18,18.000000000000004,81.00000000000001,4,|2V>,2.3777246095661397e-08
After BS (Heisenberg),after_bs,B,18,18.000000000000004,81.00000000000001,5,|HV>,2.427689449177286e-08
After BS (Heisenberg),after_bs,B,19,19.0,80.0,0,|vac>,0.9995374448853832
After BS (Heisenberg),after_bs,B,19,19.0,80.0,1,|H>,0.00023397201248034628
After BS (Heisenberg),after_bs,B,19,19.0,80.0,2,|V>,0.0002285035520070904
After BS (Heisenberg),after_bs,B,19,19.0,80.0,3,|2H>,2.704363765920421e-08
After BS (Heisenberg),after_bs,B,19,19.0,80.0,4,|2V>,2.5980275107956662e-08
After BS (Heisenberg),after_bs,B,19,19.0,80.0,5,|HV>,2.6526217339281683e-08
After BS (Heisenberg),after_bs,B,20,20.0,79.0,0,|vac>,0.999519423706997
After BS (Heisenberg),after_bs,B,20,20.0,79.0,1,|H>,0.0002430146634984669
After BS (Heisenberg),after_bs,B,20,20.0,79.0,2,|V>,0.00023747552934153982
After BS (Heisenberg),after_bs,B,20,20.0,79.0,3,|2H>,2.9270368365897062e-08
After BS (Heisenberg),after_bs,B,20,20.0,79.0,4,|2V>,2.811945021007219e-08
After BS (Heisenberg),after_bs,B,20,20.0,79.0,5,|HV>,2.871034446840992e-08
After BS (Heisenberg),after_bs,B,21,21.000000000000004,78.00000000000001,0,|vac>,0.9995029490639566
After BS (Heisenberg),after_bs,B,21,21.000000000000004,78.00000000000001,1,|H>,0.00025126957442056687
After BS (Heisenberg),after_bs,B,21,21.000000000000004,78.00000000000001,2,|V>,0.00024568905284566307
After BS (Heisenberg),after_bs,B,21,21.000000000000004,78.00000000000001,3,|2H>,3.138103136373061e-08
After BS (Heisenberg),after_bs,B,21,21.000000000000004,78.00000000000001,4,|2V>,3.014712141447601e-08
After BS (Heisenberg),after_bs,B,21,21.000000000000004,78.00000000000001,5,|HV>,3.078062458812064e-08
After BS (Heisenberg),after_bs,B,22,22.000000000000004,77.0,0,|vac>,0.9994882387635897
After BS (Heisenberg),after_bs,B,22,22.000000000000004,77.0,1,|H>,0.00025862704557489855
After BS (Heisenberg),after_bs,B,22,22.000000000000004,77.0,2,|V>,0.00025303616669778665
After BS (Heisenberg),after_bs,B,22,22.000000000000004,77.0,3,|2H>,3.332400917020195e-08
After BS (Heisenberg),after_bs,B,22,22.000000000000004,77.0,4,|2V>,3.2013700850900204e-08
After BS (Heisenberg),after_bs,B,22,22.000000000000004,77.0,5,|HV>,3.2686427802516296e-08
After BS (Heisenberg),after_bs,B,23,23.0,76.0,0,|vac>,0.9994755037512751
After BS (Heisenberg),after_bs,B,23,23.0,76.0,1,|H>,0.00026498096766361054
After BS (Heisenberg),after_bs,B,23,23.0,76.0,2,|V>,0.00025941218789000785
After BS (Heisenberg),after_bs,B,23,23.0,76.0,3,|2H>,3.504726343834153e-08
After BS (Heisenberg),after_bs,B,23,23.0,76.0,4,|2V>,3.366919633310593e-08
After BS (Heisenberg),after_bs,B,23,23.0,76.0,5,|HV>,3.4376711403544894e-08
After BS (Heisenberg),after_bs,B,24,24.000000000000004,75.00000000000001,0,|vac>,0.9994649442448104
After BS (Heisenberg),after_bs,B,24,24.000000000000004,75.00000000000001,1,|H>,0.00027023078147966873
After BS (Heisenberg),after_bs,B,24,24.000000000000004,75.00000000000001,2,|V>,0.0002647176067376462
After BS (Heisenberg),after_bs,B,24,24.000000000000004,75.00000000000001,3,|2H>,3.6500173033249175e-08
After BS (Heisenberg),after_bs,B,24,24.000000000000004,75.00000000000001,4,|2V>,3.50649771617937e-08
After BS (Heisenberg),after_bs,B,24,24.000000000000004,75.00000000000001,5,|HV>,3.5801822779999456e-08
After BS (Heisenberg),after_bs,B,25,25.000000000000004,74.0,0,|vac>,0.9994567456027666
After BS (Heisenberg),after_bs,B,25,25.000000000000004,74.0,1,|H>,0.00027428356996425586
After BS (Heisenberg),after_bs,B,25,25.000000000000004,74.0,2,|V>,0.0002688601205072512
After BS (Heisenberg),after_bs,B,25,25.000000000000004,74.0,3,|2H>,3.7635558085808856e-08
After BS (Heisenberg),after_bs,B,25,25.000000000000004,74.0,4,|2V>,3.615571859202144e-08
After BS (Heisenberg),after_bs,B,25,25.000000000000004,74.0,5,|HV>,3.691548474543121e-08
After BS (Heisenberg),after_bs,B,26,26.0,73.0,0,|vac>,0.9994510739938464
After BS (Heisenberg),after_bs,B,26,26.0,73.0,1,|H>,0.0002770562482178057
After BS (Heisenberg),after_bs,B,26,26.0,73.0,2,|V>,0.00027175676778697306
After BS (Heisenberg),after_bs,B,26,26.0,73.0,3,|2H>,3.84118118690417e-08
After BS (Heisenberg),after_bs,B,26,26.0,73.0,4,|2V>,3.690144988365124e-08
After BS (Heisenberg),after_bs,B,26,26.0,73.0,5,|HV>,3.7676886625753415e-08
After BS (Heisenberg),after_bs,B,27,27.0,72.00000000000001,0,|vac>,0.9994480719547754
After BS (Heisenberg),after_bs,B,27,27.0,72.00000000000001,1,|H>,0.0002784778066467407
After BS (Heisenberg),after_bs,B,27,27.0,72.00000000000001,2,|V>,0.000273336121144762
After BS (Heisenberg),after_bs,B,27,27.0,72.00000000000001,3,|2H>,3.8795040469013006e-08
After BS (Heisenberg),after_bs,B,27,27.0,72.00000000000001,4,|2V>,3.7269609839865315e-08
After BS (Heisenberg),after_bs,B,27,27.0,72.00000000000001,5,|HV>,3.805278299226889e-08
After BS (Heisenberg),after_bs,B,28,28.000000000000004,71.0,0,|vac>,0.9994478539459467
After BS (Heisenberg),after_bs,B,28,28.000000000000004,71.0,1,|H>,0.0002784915514839301
After BS (Heisenberg),after_bs,B,28,28.000000000000004,71.0,2,|V>,0.0002735404850009669
After BS (Heisenberg),after_bs,B,28,28.000000000000004,71.0,3,|2H>,3.87610908810299e-08
After BS (Heisenberg),after_bs,B,28,28.000000000000004,71.0,4,|2V>,3.723699515811574e-08
After BS (Heisenberg),after_bs,B,28,28.000000000000004,71.0,5,|HV>,3.801948295472328e-08
After BS (Heisenberg),after_bs,B,29,29.0,70.0,0,|vac>,0.9994505020356753
After BS (Heisenberg),after_bs,B,29,29.0,70.0,1,|H>,0.00027705727596616896
After BS (Heisenberg),after_bs,B,29,29.0,70.0,2,|V>,0.0002723280349525155
After BS (Heisenberg),after_bs,B,29,29.0,70.0,3,|2H>,3.829733374400871e-08
After BS (Heisenberg),after_bs,B,29,29.0,70.0,4,|2V>,3.679147306693452e-08
After BS (Heisenberg),after_bs,B,29,29.0,70.0,5,|HV>,3.75645987869835e-08
After BS (Heisenberg),after_bs,B,30,30.000000000000004,69.00000000000001,0,|vac>,0.999456061864386
After BS (Heisenberg),after_bs,B,30,30.000000000000004,69.00000000000001,1,|H>,0.00027415328515727156
After BS (Heisenberg),after_bs,B,30,30.000000000000004,69.00000000000001,2,|V>,0.0002696748246573743
After BS (Heisenberg),after_bs,B,30,30.000000000000004,69.00000000000001,3,|2H>,3.740406004727811e-08
After BS (Heisenberg),after_bs,B,30,30.000000000000004,69.00000000000001,4,|2V>,3.593332311387653e-08
After BS (Heisenberg),after_bs,B,30,30.000000000000004,69.00000000000001,5,|HV>,3.6688415910939506e-08
After BS (Heisenberg),after_bs,B,31,31.0,68.0,0,|vac>,0.999464539057595
After BS (Heisenberg),after_bs,B,31,31.0,68.0,1,|H>,0.00026977818861056004
After BS (Heisenberg),after_bs,B,31,31.0,68.0,2,|V>,0.0002655765776150883
After BS (Heisenberg),after_bs,B,31,31.0,68.0,3,|2H>,3.609535440260488e-08
After BS (Heisenberg),after_bs,B,31,31.0,68.0,4,|2V>,3.467607610027544e-08
After BS (Heisenberg),after_bs,B,31,31.0,68.0,5,|HV>,3.5404749460397064e-08
After BS (Heisenberg),after_bs,B,32,32.0,67.0,0,|vac>,0.9994758962693195
After BS (Heisenberg),after_bs,B,32,32.0,67.0,1,|H>,0.00026395236875614977
After BS (Heisenberg),after_bs,B,32,32.0,67.0,2,|V>,0.000260050174700136
After BS (Heisenberg),after_bs,B,32,32.0,67.0,3,|2H>,3.439932311076964e-08
After BS (Heisenberg),after_bs,B,32,32.0,67.0,4,|2V>,3.304673318018282e-08
After BS (Heisenberg),after_bs,B,32,32.0,67.0,5,|HV>,3.374116798410374e-08
After BS (Heisenberg),after_bs,B,33,33.00000000000001,66.00000000000001,0,|vac>,0.9994900510433218
After BS (Heisenberg),after_bs,B,33,33.00000000000001,66.00000000000001,1,|H>,0.0002567190301637985
After BS (Heisenberg),after_bs,B,33,33.00000000000001,66.00000000000001,2,|V>,0.0002531347451596663
After BS (Heisenberg),after_bs,B,33,33.00000000000001,66.00000000000001,3,|2H>,3.235758473076027e-08
After BS (Heisenberg),after_bs,B,33,33.00000000000001,66.00000000000001,4,|2V>,3.108527646050748e-08
After BS (Heisenberg),after_bs,B,33,33.00000000000001,66.00000000000001,5,|HV>,3.1738493761775406e-08
After BS (Heisenberg),after_bs,B,34,34.0,65.0,0,|vac>,0.999506874676243
After BS (Heisenberg),after_bs,B,34,34.0,65.0,1,|H>,0.00024814473678069765
After BS (Heisenberg),after_bs,B,34,34.0,65.0,2,|V>,0.0002448922700456467
After BS (Heisenberg),after_bs,B,34,34.0,65.0,3,|2H>,3.0023974405745474e-08
After BS (Heisenberg),after_bs,B,34,34.0,65.0,4,|2V>,2.8843424273214463e-08
After BS (Heisenberg),after_bs,B,34,34.0,65.0,5,|HV>,2.9449531919932628e-08
After BS (Heisenberg),after_bs,B,35,35.0,64.0,0,|vac>,0.999526192252247
After BS (Heisenberg),after_bs,B,35,35.0,64.0,1,|H>,0.00023831935189889343
After BS (Heisenberg),after_bs,B,35,35.0,64.0,2,|V>,0.00023540761371179268
After BS (Heisenberg),after_bs,B,35,35.0,64.0,3,|2H>,2.7462469360496665e-08
After BS (Heisenberg),after_bs,B,35,35.0,64.0,4,|2V>,2.638263824270294e-08
After BS (Heisenberg),after_bs,B,35,35.0,64.0,5,|HV>,2.6937035620352683e-08
After BS (Heisenberg),after_bs,B,36,36.00000000000001,63.00000000000001,0,|vac>,0.9995477839915273
After BS (Heisenberg),after_bs,B,36,36.00000000000001,63.00000000000001,1,|H>,0.00022735530976853785
After BS (Heisenberg),after_bs,B,36,36.00000000000001,63.00000000000001,2,|V>,0.00022478791186613718
After BS (Heisenberg),after_bs,B,36,36.00000000000001,63.00000000000001,3,|2H>,2.474440830584909e-08
After BS (Heisenberg),after_bs,B,36,36.00000000000001,63.00000000000001,4,|2V>,2.377145202397524e-08
After BS (Heisenberg),after_bs,B,36,36.00000000000001,63.00000000000001,5,|HV>,2.4270978665086233e-08
After BS (Heisenberg),after_bs,B,37,37.0,62.0,0,|vac>,0.9995713880142769
After BS (Heisenberg),after_bs,B,37,37.0,62.0,1,|H>,0.00021538616886170565
After BS (Heisenberg),after_bs,B,37,37.0,62.0,2,|V>,0.0002131612641826651
After BS (Heisenberg),after_bs,B,37,37.0,62.0,3,|2H>,2.1945146415261505e-08
After BS (Heisenberg),after_bs,B,37,37.0,62.0,4,|2V>,2.1082257806350397e-08
After BS (Heisenberg),after_bs,B,37,37.0,62.0,5,|HV>,2.1525274472661435e-08
After BS (Heisenberg),after_bs,B,38,38.0,61.00000000000001,0,|vac>,0.9995967045674624
After BS (Heisenberg),after_bs,B,38,38.0,61.00000000000001,1,|H>,0.00020256442469393488
After BS (Heisenberg),after_bs,B,38,38.0,61.00000000000001,2,|V>,0.0002006747055978933
After BS (Heisenberg),after_bs,B,38,38.0,61.00000000000001,3,|2H>,1.9140352666150485e-08
After BS (Heisenberg),after_bs,B,38,38.0,61.00000000000001,4,|2V>,1.838774924425348e-08
After BS (Heisenberg),after_bs,B,38,38.0,61.00000000000001,5,|HV>,1.8774144261617282e-08
After BS (Heisenberg),after_bs,B,39,39.00000000000001,60.00000000000001,0,|vac>,0.9996234016955985
After BS (Heisenberg),after_bs,B,39,39.00000000000001,60.00000000000001,1,|H>,0.00018905859404721694
After BS (Heisenberg),after_bs,B,39,39.00000000000001,60.00000000000001,2,|V>,0.00018749146248636417
After BS (Heisenberg),after_bs,B,39,39.00000000000001,60.00000000000001,3,|2H>,1.6402209050385266e-08
After BS (Heisenberg),after_bs,B,39,39.00000000000001,60.00000000000001,4,|2V>,1.5757270115701018e-08
After BS (Heisenberg),after_bs,B,39,39.00000000000001,60.00000000000001,5,|HV>,1.608838898071715e-08
After BS (Heisenberg),after_bs,B,40,40.0,59.00000000000001,0,|vac>,0.9996511222615592
After BS (Heisenberg),after_bs,B,40,40.0,59.00000000000001,1,|H>,0.0001750496208839372
After BS (Heisenberg),after_bs,B,40,40.0,59.00000000000001,2,|V>,0.0001737875365560604
After BS (Heisenberg),after_bs,B,40,40.0,59.00000000000001,3,|2H>,1.3795802723306408e-08
After BS (Heisenberg),after_bs,B,40,40.0,59.00000000000001,4,|2V>,1.3253348332915914e-08
After BS (Heisenberg),after_bs,B,40,40.0,59.00000000000001,5,|HV>,1.3531850486235502e-08
After BS (Heisenberg),after_bs,B,41,41.0,58.0,0,|vac>,0.9996794921435636
After BS (Heisenberg),after_bs,B,41,41.0,58.0,1,|H>,0.00016072669492759158
After BS (Heisenberg),after_bs,B,41,41.0,58.0,2,|V>,0.00015974769845620974
After BS (Heisenberg),after_bs,B,41,41.0,58.0,3,|2H>,1.1376005167168027e-08
After BS (Heisenberg),after_bs,B,41,41.0,58.0,4,|2V>,1.092869781783825e-08
After BS (Heisenberg),after_bs,B,41,41.0,58.0,5,|HV>,1.1158350415716983e-08
After BS (Heisenberg),after_bs,B,42,42.00000000000001,57.0,0,|vac>,0.9997081293556294
After BS (Heisenberg),after_bs,B,42,42.00000000000001,57.0,1,|H>,0.00014628261390782678
After BS (Heisenberg),after_bs,B,42,42.00000000000001,57.0,2,|V>,0.00014556101205272275
After BS (Heisenberg),after_bs,B,42,42.00000000000001,57.0,3,|2H>,9.185102386747885e-09
After BS (Heisenberg),after_bs,B,42,42.00000000000001,57.0,4,|2V>,8.823941879033296e-09
After BS (Heisenberg),after_bs,B,42,42.00000000000001,57.0,5,|HV>,9.009365724566115e-09
After BS (Heisenberg),after_bs,B,43,43.0,56.00000000000001,0,|vac>,0.9997366537672449
After BS (Heisenberg),after_bs,B,43,43.0,56.00000000000001,1,|H>,0.00013190885650302998
After BS (Heisenberg),after_bs,B,43,43.0,56.00000000000001,2,|V>,0.00013141604598642488
After BS (Heisenberg),after_bs,B,43,43.0,56.00000000000001,3,|2H>,7.251376858140405e-09
After BS (Heisenberg),after_bs,B,43,43.0,56.00000000000001,4,|2V>,6.96625091860878e-09
After BS (Heisenberg),after_bs,B,43,43.0,56.00000000000001,5,|HV>,7.112637766117952e-09
After BS (Heisenberg),after_bs,B,44,44.00000000000001,55.0,0,|vac>,0.9997646970405333
After BS (Heisenberg),after_bs,B,44,44.00000000000001,55.0,1,|H>,0.00011779056165089674
After BS (Heisenberg),after_bs,B,44,44.00000000000001,55.0,2,|V>,0.00011749595824376714
After BS (Heisenberg),after_bs,B,44,44.00000000000001,55.0,3,|2H>,5.588750469066923e-09
After BS (Heisenberg),after_bs,B,44,44.00000000000001,55.0,4,|2V>,5.368999412202187e-09
After BS (Heisenberg),after_bs,B,44,44.00000000000001,55.0,5,|HV>,5.481822063498257e-09
After BS (Heisenberg),after_bs,B,45,45.00000000000001,54.0,0,|vac>,0.9997919123658336
After BS (Heisenberg),after_bs,B,45,45.00000000000001,54.0,1,|H>,0.00010410162802740692
After BS (Heisenberg),after_bs,B,45,45.00000000000001,54.0,2,|V>,0.00010397365903004094
After BS (Heisenberg),after_bs,B,45,45.00000000000001,54.0,3,|2H>,4.197488308478577e-09
After BS (Heisenberg),after_bs,B,45,45.00000000000001,54.0,4,|2V>,4.032442025401435e-09
After BS (Heisenberg),after_bs,B,45,45.00000000000001,54.0,5,|HV>,4.117178633766331e-09
After BS (Heisenberg),after_bs,B,46,46.0,53.00000000000001,0,|vac>,0.9998179835640906
After BS (Heisenberg),after_bs,B,46,46.0,53.00000000000001,1,|H>,9.100015272206307e-05
After BS (Heisenberg),after_bs,B,46,46.0,53.00000000000001,2,|V>,9.10072648448668e-05
After BS (Heisenberg),after_bs,B,46,46.0,53.00000000000001,3,|2H>,3.065850309711107e-09
After BS (Heisenberg),after_bs,B,46,46.0,53.00000000000001,4,|2V>,2.945300313879793e-09
After BS (Heisenberg),after_bs,B,46,46.0,53.00000000000001,5,|HV>,3.0071920305225515e-09
After BS (Heisenberg),after_bs,B,47,47.00000000000001,52.0,0,|vac>,0.9998426331395499
After BS (Heisenberg),after_bs,B,47,47.00000000000001,52.0,1,|H>,7.862441913519693e-05
After BS (Heisenberg),after_bs,B,47,47.00000000000001,52.0,2,|V>,7.873605086901678e-05
After BS (Heisenberg),after_bs,B,47,47.00000000000001,52.0,3,|2H>,2.172477799402051e-09
After BS (Heisenberg),after_bs,B,47,47.00000000000001,52.0,4,|2V>,2.087055432617931e-09
After BS (Heisenberg),after_bs,B,47,47.00000000000001,52.0,5,|HV>,2.130912231479721e-09
After BS (Heisenberg),after_bs,B,48,48.00000000000001,51.0,0,|vac>,0.999865628909193
After BS (Heisenberg),after_bs,B,48,48.00000000000001,51.0,1,|H>,6.70896208638897e-05
After BS (Heisenberg),after_bs,B,48,48.00000000000001,51.0,2,|V>,6.72770893028142e-05
After BS (Heisenberg),after_bs,B,48,48.00000000000001,51.0,3,|2H>,1.4892303202664115e-09
After BS (Heisenberg),after_bs,B,48,48.00000000000001,51.0,4,|2V>,1.4306734141019476e-09
After BS (Heisenberg),after_bs,B,48,48.00000000000001,51.0,5,|HV>,1.4607371848952364e-09
After BS (Heisenberg),after_bs,B,49,49.0,50.00000000000001,0,|vac>,0.9998867889037897
After BS (Heisenberg),after_bs,B,49,49.0,50.00000000000001,1,|H>,5.648547215372704e-05
After BS (Heisenberg),after_bs,B,49,49.0,50.00000000000001,2,|V>,5.6722729115729675e-05
After BS (Heisenberg),after_bs,B,49,49.0,50.00000000000001,3,|2H>,9.841559135441834e-10
After BS (Heisenberg),after_bs,B,49,49.0,50.00000000000001,4,|2V>,9.454586585283855e-10
After BS (Heisenberg),after_bs,B,49,49.0,50.00000000000001,5,|HV>,9.65326262220727e-10
After BS (Heisenberg),after_bs,B,50,50.00000000000001,49.0,0,|vac>,0.999905984324821
After BS (Heisenberg),after_bs,B,50,50.00000000000001,49.0,1,|H>,4.6874808917374855e-05
After BS (Heisenberg),after_bs,B,50,50.00000000000001,49.0,2,|V>,4.713902988372109e-05
After BS (Heisenberg),after_bs,B,50,50.00000000000001,49.0,3,|2H>,6.242899386850185e-10
After BS (Heisenberg),after_bs,B,50,50.00000000000001,49.0,4,|2V>,5.997427032026783e-10
After BS (Heisenberg),after_bs,B,50,50.00000000000001,49.0,5,|HV>,6.123455285479318e-10
After BS (Heisenberg),after_bs,B,51,51.0,48.00000000000001,0,|vac>,0.9999231404451894
After BS (Heisenberg),after_bs,B,51,51.0,48.00000000000001,1,|H>,3.82932308099841e-05
After BS (Heisenberg),after_bs,B,51,51.0,48.00000000000001,2,|V>,3.856521200704938e-05
After BS (Heisenberg),after_bs,B,51,51.0,48.00000000000001,3,|2H>,3.78030167816167e-10
After BS (Heisenberg),after_bs,B,51,51.0,48.00000000000001,4,|2V>,3.631659277030471e-10
After BS (Heisenberg),after_bs,B,51,51.0,48.00000000000001,5,|HV>,3.7079739488680383e-10
After BS (Heisenberg),after_bs,B,52,52.0,47.00000000000001,0,|vac>,0.9999382354524086
After BS (Heisenberg),after_bs,B,52,52.0,47.00000000000001,1,|H>,3.074977835128823e-05
After BS (Heisenberg),after_bs,B,52,52.0,47.00000000000001,2,|V>,3.1014131163155774e-05
After BS (Heisenberg),after_bs,B,52,52.0,47.00000000000001,3,|2H>,2.1691867062642192e-10
After BS (Heisenberg),after_bs,B,52,52.0,47.00000000000001,4,|2V>,2.0838937460796907e-10
After BS (Heisenberg),after_bs,B,52,52.0,47.00000000000001,5,|HV>,2.127684106145236e-10
After BS (Heisenberg),after_bs,B,53,53.00000000000001,46.0,0,|vac>,0.9999512973428697
After BS (Heisenberg),after_bs,B,53,53.00000000000001,46.0,1,|H>,2.422858360021923e-05
After BS (Heisenberg),after_bs,B,53,53.00000000000001,46.0,2,|V>,2.4473730079639845e-05
After BS (Heisenberg),after_bs,B,53,53.00000000000001,46.0,3,|2H>,1.1675816837003816e-10
After BS (Heisenberg),after_bs,B,53,53.00000000000001,46.0,4,|2V>,1.1216720818332639e-10
After BS (Heisenberg),after_bs,B,53,53.00000000000001,46.0,5,|HV>,1.1452425850949271e-10
After BS (Heisenberg),after_bs,B,54,54.0,45.00000000000001,0,|vac>,0.9999623990778351
After BS (Heisenberg),after_bs,B,54,54.0,45.00000000000001,1,|H>,1.8691382113333655e-05
After BS (Heisenberg),after_bs,B,54,54.0,45.00000000000001,2,|V>,1.8909369191804798e-05
After BS (Heisenberg),after_bs,B,54,54.0,45.00000000000001,3,|2H>,5.80847313017815e-11
After BS (Heisenberg),after_bs,B,54,54.0,45.00000000000001,4,|2V>,5.580082523691772e-11
After BS (Heisenberg),after_bs,B,54,54.0,45.00000000000001,5,|HV>,5.697340816427687e-11
After BS (Heisenberg),after_bs,B,55,55.0,44.00000000000001,0,|vac>,0.999971652299566
After BS (Heisenberg),after_bs,B,55,55.0,44.00000000000001,1,|H>,1.408073098463867e-05
After BS (Heisenberg),after_bs,B,55,55.0,44.00000000000001,2,|V>,1.4266892690771213e-05
After BS (Heisenberg),after_bs,B,55,55.0,44.00000000000001,3,|2H>,2.6094715454782006e-11
After BS (Heisenberg),after_bs,B,55,55.0,44.00000000000001,4,|2V>,2.5068664760349978e-11
After BS (Heisenberg),after_bs,B,55,55.0,44.00000000000001,5,|HV>,2.5595450666917863e-11
After BS (Heisenberg),after_bs,B,56,56.00000000000001,43.0,0,|vac>,0.9999791999743658
After BS (Heisenberg),after_bs,B,56,56.00000000000001,43.0,1,|H>,1.0323745122169041e-05
After BS (Heisenberg),after_bs,B,56,56.00000000000001,43.0,2,|V>,1.0476250592416295e-05
After BS (Heisenberg),after_bs,B,56,56.00000000000001,43.0,3,|2H>,1.0171684930034101e-11
After BS (Heisenberg),after_bs,B,56,56.00000000000001,43.0,4,|2V>,9.771731751617418e-12
After BS (Heisenberg),after_bs,B,56,56.00000000000001,43.0,5,|HV>,9.977072188323296e-12
After BS (Heisenberg),after_bs,B,57,57.0,42.00000000000001,0,|vac>,0.9999852083744156
After BS (Heisenberg),after_bs,B,57,57.0,42.00000000000001,1,|H>,7.336143313533337e-06
After BS (Heisenberg),after_bs,B,57,57.0,42.00000000000001,2,|V>,7.455472929995326e-06
After BS (Heisenberg),after_bs,B,57,57.0,42.00000000000001,3,|2H>,3.1755341457260037e-12
After BS (Heisenberg),after_bs,B,57,57.0,42.00000000000001,4,|2V>,3.0506713542132965e-12
After BS (Heisenberg),after_bs,B,57,57.0,42.00000000000001,5,|HV>,3.114777308412687e-12
After BS (Heisenberg),after_bs,B,58,58.0,41.0,0,|vac>,0.9999898588294267
After BS (Heisenberg),after_bs,B,58,58.0,41.0,1,|H>,5.026388126206714e-06
After BS (Heisenberg),after_bs,B,58,58.0,41.0,2,|V>,5.1147805514149445e-06
After BS (Heisenberg),after_bs,B,58,58.0,41.0,3,|2H>,6.444663462981898e-13
After BS (Heisenberg),after_bs,B,58,58.0,41.0,4,|2V>,6.191257694557361e-13
After BS (Heisenberg),after_bs,B,58,58.0,41.0,5,|HV>,6.321359051316104e-13
After BS (Heisenberg),after_bs,B,59,59.00000000000001,40.0,0,|vac>,0.9999933396711418
After BS (Heisenberg),after_bs,B,59,59.00000000000001,40.0,1,|H>,3.299709631894286e-06
After BS (Heisenberg),after_bs,B,59,59.00000000000001,40.0,2,|V>,3.360619140693889e-06
After BS (Heisenberg),after_bs,B,59,59.00000000000001,40.0,3,|2H>,2.904424022299465e-14
After BS (Heisenberg),after_bs,B,59,59.00000000000001,40.0,4,|2V>,2.7902213481904943e-14
After BS (Heisenberg),after_bs,B,59,59.00000000000001,40.0,5,|HV>,2.8488542788434565e-14
After BS (Heisenberg),after_bs,B,60,60.00000000000001,39.00000000000001,0,|vac>,0.9999958387589875
After BS (Heisenberg),after_bs,B,60,60.00000000000001,39.00000000000001,1,|H>,2.0618219171637167e-06
After BS (Heisenberg),after_bs,B,60,60.00000000000001,39.00000000000001,2,|V>,2.0994189875354986e-06
After BS (Heisenberg),after_bs,B,60,60.00000000000001,39.00000000000001,3,|2H>,3.648051886386383e-14
After BS (Heisenberg),after_bs,B,60,60.00000000000001,39.00000000000001,4,|2V>,3.504609579925083e-14
After BS (Heisenberg),after_bs,B,60,60.00000000000001,39.00000000000001,5,|HV>,3.578254464977724e-14
After BS (Heisenberg),after_bs,B,61,61.00000000000001,38.0,0,|vac>,0.999997536915907
After BS (Heisenberg),after_bs,B,61,61.00000000000001,38.0,1,|H>,1.2221720440556398e-06
After BS (Heisenberg),after_bs,B,61,61.00000000000001,38.0,2,|V>,1.2409116887152104e-06
After BS (Heisenberg),after_bs,B,61,61.00000000000001,38.0,3,|2H>,1.2239584783375137e-13
After BS (Heisenberg),after_bs,B,61,61.00000000000001,38.0,4,|2V>,1.1758321269000055e-13
After BS (Heisenberg),after_bs,B,61,61.00000000000001,38.0,5,|HV>,1.200540734193505e-13
After BS (Heisenberg),after_bs,B,62,62.0,37.0,0,|vac>,0.9999986025240701
After BS (Heisenberg),after_bs,B,62,62.0,37.0,1,|H>,6.96601294939657e-07
After BS (Heisenberg),after_bs,B,62,62.0,37.0,2,|V>,7.00874242243338e-07
After BS (Heisenberg),after_bs,B,62,62.0,37.0,3,|2H>,1.336014835290738e-13
After BS (Heisenberg),after_bs,B,62,62.0,37.0,4,|2V>,1.2834824000592382e-13
After BS (Heisenberg),after_bs,B,62,62.0,37.0,5,|HV>,1.3104531400703263e-13
After BS (Heisenberg),after_bs,B,63,63.00000000000001,36.00000000000001,0,|vac>,0.999999187437116
After BS (Heisenberg),after_bs,B,63,63.00000000000001,36.00000000000001,1,|H>,4.093449866407178e-07
After BS (Heisenberg),after_bs,B,63,63.00000000000001,36.00000000000001,2,|V>,4.032176534639461e-07
After BS (Heisenberg),after_bs,B,63,63.00000000000001,36.00000000000001,3,|2H>,8.275918944121929e-14
After BS (Heisenberg),after_bs,B,63,63.00000000000001,36.00000000000001,4,|2V>,7.950507755239425e-14
After BS (Heisenberg),after_bs,B,63,63.00000000000001,36.00000000000001,5,|HV>,8.117577500499758e-14
After BS (Heisenberg),after_bs,B,64,64.0,35.0,0,|vac>,0.9999994242668682
After BS (Heisenberg),after_bs,B,64,64.0,35.0,1,|H>,2.9434595374651303e-07
After BS (Heisenberg),after_bs,B,64,64.0,35.0,2,|V>,2.8138710611990343e-07
After BS (Heisenberg),after_bs,B,64,64.0,35.0,3,|2H>,2.4425341872469034e-14
After BS (Heisenberg),after_bs,B,64,64.0,35.0,4,|2V>,2.3464931361994746e-14
After BS (Heisenberg),after_bs,B,64,64.0,35.0,5,|HV>,2.395801686370238e-14
After BS (Heisenberg),after_bs,B,65,65.0,34.0,0,|vac>,0.9999994250068536
After BS (Heisenberg),after_bs,B,65,65.0,34.0,1,|H>,2.959037241558938e-07
After BS (Heisenberg),after_bs,B,65,65.0,34.0,2,|V>,2.7908942270348655e-07
After BS (Heisenberg),after_bs,B,65,65.0,34.0,3,|2H>,4.091562828749828e-18
After BS (Heisenberg),after_bs,B,65,65.0,34.0,4,|2V>,3.9306815617721075e-18
After BS (Heisenberg),after_bs,B,65,65.0,34.0,5,|HV>,4.013279804686011e-18
After BS (Heisenberg),after_bs,B,66,66.00000000000001,33.00000000000001,0,|vac>,0.9999992808710074
After BS (Heisenberg),after_bs,B,66,66.00000000000001,33.00000000000001,1,|H>,3.687223681891698e-07
After BS (Heisenberg),after_bs,B,66,66.00000000000001,33.00000000000001,2,|V>,3.504065552239872e-07
After BS (Heisenberg),after_bs,B,66,66.00000000000001,33.00000000000001,3,|2H>,2.3348504833697983e-14
After BS (Heisenberg),after_bs,B,66,66.00000000000001,33.00000000000001,4,|2V>,2.243043582315398e-14
After BS (Heisenberg),after_bs,B,66,66.00000000000001,33.00000000000001,5,|HV>,2.290178272504198e-14
After BS (Heisenberg),after_bs,B,67,67.0,32.0,0,|vac>,0.9999990631605148
After BS (Heisenberg),after_bs,B,67,67.0,32.0,1,|H>,4.774516596977133e-07
After BS (Heisenberg),after_bs,B,67,67.0,32.0,2,|V>,4.5938757224435653e-07
After BS (Heisenberg),after_bs,B,67,67.0,32.0,3,|2H>,8.592095209961315e-14
After BS (Heisenberg),after_bs,B,67,67.0,32.0,4,|2V>,8.254251891764812e-14
After BS (Heisenberg),after_bs,B,67,67.0,32.0,5,|HV>,8.427704431304025e-14
After BS (Heisenberg),after_bs,B,68,68.0,31.0,0,|vac>,0.9999988249294418
After BS (Heisenberg),after_bs,B,68,68.0,31.0,1,|H>,5.958364050208426e-07
After BS (Heisenberg),after_bs,B,68,68.0,31.0,2,|V>,5.792336594462025e-07
After BS (Heisenberg),after_bs,B,68,68.0,31.0,3,|2H>,1.67984538061857e-13
After BS (Heisenberg),after_bs,B,68,68.0,31.0,4,|2V>,1.613793442926828e-13
After BS (Heisenberg),after_bs,B,68,68.0,31.0,5,|HV>,1.647705246764954e-13
After BS (Heisenberg),after_bs,B,69,69.00000000000001,30.000000000000004,0,|vac>,0.9999986032021869
After BS (Heisenberg),after_bs,B,69,69.00000000000001,30.000000000000004,1,|H>,7.055968929936869e-07
After BS (Heisenberg),after_bs,B,69,69.00000000000001,30.000000000000004,2,|V>,6.912001884091977e-07
After BS (Heisenberg),after_bs,B,69,69.00000000000001,30.000000000000004,3,|2H>,2.486510503652096e-13
After BS (Heisenberg),after_bs,B,69,69.00000000000001,30.000000000000004,4,|2V>,2.3887402929211496e-13
After BS (Heisenberg),after_bs,B,69,69.00000000000001,30.000000000000004,5,|HV>,2.4389366130198456e-13
After BS (Heisenberg),after_bs,B,70,70.0,29.0,0,|vac>,0.9999984215012624
After BS (Heisenberg),after_bs,B,70,70.0,29.0,1,|H>,7.951601782586172e-07
After BS (Heisenberg),after_bs,B,70,70.0,29.0,2,|V>,7.833376408897074e-07
After BS (Heisenberg),after_bs,B,70,70.0,29.0,3,|2H>,3.120935453385483e-13
After BS (Heisenberg),after_bs,B,70,70.0,29.0,4,|2V>,2.998219496023907e-13
After BS (Heisenberg),after_bs,B,70,70.0,29.0,5,|HV>,3.0612232415472687e-13
After BS (Heisenberg),after_bs,B,71,71.0,28.000000000000004,0,|vac>,0.9999982924685302
After BS (Heisenberg),after_bs,B,71,71.0,28.000000000000004,1,|H>,8.583493312268332e-07
After BS (Heisenberg),after_bs,B,71,71.0,28.000000000000004,2,|V>,8.491811091464882e-07
After BS (Heisenberg),after_bs,B,71,71.0,28.000000000000004,3,|2H>,3.498618103438611e-13
After BS (Heisenberg),after_bs,B,71,71.0,28.000000000000004,4,|2V>,3.3610515704456983e-13
After BS (Heisenberg),after_bs,B,71,71.0,28.000000000000004,5,|HV>,3.4316797676567486e-13
After BS (Heisenberg),after_bs,B,72,72.00000000000001,27.0,0,|vac>,0.9999982204011875
After BS (Heisenberg),after_bs,B,72,72.00000000000001,27.0,1,|H>,8.931186668988884e-07
After BS (Heisenberg),after_bs,B,72,72.00000000000001,27.0,2,|V>,8.864790854203261e-07
After BS (Heisenberg),after_bs,B,72,72.00000000000001,27.0,3,|2H>,3.6041226727816546e-13
After BS (Heisenberg),after_bs,B,72,72.00000000000001,27.0,4,|2V>,3.462407673914684e-13
After BS (Heisenberg),after_bs,B,72,72.00000000000001,27.0,5,|HV>,3.5351657399196323e-13
After BS (Heisenberg),after_bs,B,73,73.0,26.0,0,|vac>,0.9999982035690934
After BS (Heisenberg),after_bs,B,73,73.0,26.0,1,|H>,9.004003919039113e-07
After BS (Heisenberg),after_bs,B,73,73.0,26.0,2,|V>,8.960294926921011e-07
After BS (Heisenberg),after_bs,B,73,73.0,26.0,3,|2H>,3.471926606143074e-13
After BS (Heisenberg),after_bs,B,73,73.0,26.0,4,|2V>,3.335409589455674e-13
After BS (Heisenberg),after_bs,B,73,73.0,26.0,5,|HV>,3.4054989532536784e-13
After BS (Heisenberg),after_bs,B,74,74.0,25.000000000000004,0,|vac>,0.9999982362266561
After BS (Heisenberg),after_bs,B,74,74.0,25.000000000000004,1,|H>,8.831049981758536e-07
After BS (Heisenberg),after_bs,B,74,74.0,25.000000000000004,2,|V>,8.806674154484657e-07
After BS (Heisenberg),after_bs,B,74,74.0,25.000000000000004,3,|2H>,3.163653664338365e-13
After BS (Heisenberg),after_bs,B,74,74.0,25.000000000000004,4,|2V>,3.03925801630541e-13
After BS (Heisenberg),after_bs,B,74,74.0,25.000000000000004,5,|HV>,3.103124133813472e-13
After BS (Heisenberg),after_bs,B,75,75.00000000000001,24.000000000000004,0,|vac>,0.9999983102754916
After BS (Heisenberg),after_bs,B,75,75.00000000000001,24.000000000000004,1,|H>,8.452964596104989e-07
After BS (Heisenberg),after_bs,B,75,75.00000000000001,24.000000000000004,2,|V>,8.444272406099501e-07
After BS (Heisenberg),after_bs,B,75,75.00000000000001,24.000000000000004,3,|2H>,2.748404364550363e-13
After BS (Heisenberg),after_bs,B,75,75.00000000000001,24.000000000000004,4,|2V>,2.640336422145483e-13
After BS (Heisenberg),after_bs,B,75,75.00000000000001,24.000000000000004,5,|HV>,2.695819712899275e-13
After BS (Heisenberg),after_bs,B,76,76.0,23.0,0,|vac>,0.999998416570202
After BS (Heisenberg),after_bs,B,76,76.0,23.0,1,|H>,7.915454914482773e-07
After BS (Heisenberg),after_bs,B,76,76.0,23.0,2,|V>,7.918836329881658e-07
After BS (Heisenberg),after_bs,B,76,76.0,23.0,3,|2H>,2.289104373536408e-13
After BS (Heisenberg),after_bs,B,76,76.0,23.0,4,|2V>,2.1990962208804705e-13
After BS (Heisenberg),after_bs,B,76,76.0,23.0,5,|HV>,2.2453074135140544e-13
After BS (Heisenberg),after_bs,B,77,77.0,22.000000000000004,0,|vac>,0.9999985458869426
After BS (Heisenberg),after_bs,B,77,77.0,22.000000000000004,1,|H>,7.264506624366016e-07
After BS (Heisenberg),after_bs,B,77,77.0,22.000000000000004,2,|V>,7.276618553275763e-07
After BS (Heisenberg),after_bs,B,77,77.0,22.000000000000004,3,|2H>,1.8351286332485258e-13
After BS (Heisenberg),after_bs,B,77,77.0,22.000000000000004,4,|2V>,1.7629709194837218e-13
After BS (Heisenberg),after_bs,B,77,77.0,22.000000000000004,5,|HV>,1.800017497073423e-13
After BS (Heisenberg),after_bs,B,78,78.00000000000001,21.000000000000004,0,|vac>,0.9999986895928403
After BS (Heisenberg),after_bs,B,78,78.00000000000001,21.000000000000004,1,|H>,6.543081577621605e-07
After BS (Heisenberg),after_bs,B,78,78.00000000000001,21.000000000000004,2,|V>,6.560985840734373e-07
After BS (Heisenberg),after_bs,B,78,78.00000000000001,21.000000000000004,3,|2H>,1.4200086255037683e-13
After BS (Heisenberg),after_bs,B,78,78.00000000000001,21.000000000000004,4,|2V>,1.364173533569251e-13
After BS (Heisenberg),after_bs,B,78,78.00000000000001,21.000000000000004,5,|HV>,1.3928398944811752e-13
After BS (Heisenberg),after_bs,B,79,79.0,20.0,0,|vac>,0.9999988400643971
After BS (Heisenberg),after_bs,B,79,79.0,20.0,1,|H>,5.789060926755216e-07
After BS (Heisenberg),after_bs,B,79,79.0,20.0,2,|V>,5.810291976304088e-07
After BS (Heisenberg),after_bs,B,79,79.0,20.0,3,|2H>,1.0625306398805342e-13
After BS (Heisenberg),after_bs,B,79,79.0,20.0,4,|2V>,1.0207516711479332e-13
After BS (Heisenberg),after_bs,B,79,79.0,20.0,5,|HV>,1.0422014611428345e-13
After BS (Heisenberg),after_bs,B,80,80.0,19.0,0,|vac>,0.9999989909062197
After BS (Heisenberg),after_bs,B,80,80.0,19.0,1,|H>,5.034177527470272e-07
After BS (Heisenberg),after_bs,B,80,80.0,19.0,2,|V>,5.056758018189495e-07
After BS (Heisenberg),after_bs,B,80,80.0,19.0,3,|2H>,7.696275229353671e-14
After BS (Heisenberg),after_bs,B,80,80.0,19.0,4,|2V>,7.393655775273438e-14
After BS (Heisenberg),after_bs,B,80,80.0,19.0,5,|HV>,7.549023988834101e-14
After BS (Heisenberg),after_bs,B,81,81.00000000000001,18.000000000000004,0,|vac>,0.9999991370195945
After BS (Heisenberg),after_bs,B,81,81.00000000000001,18.000000000000004,1,|H>,4.303691188644824e-07
After BS (Heisenberg),after_bs,B,81,81.00000000000001,18.000000000000004,2,|V>,4.326111278257335e-07
After BS (Heisenberg),after_bs,B,81,81.00000000000001,18.000000000000004,3,|2H>,5.398419177530215e-14
After BS (Heisenberg),after_bs,B,81,81.00000000000001,18.000000000000004,4,|2V>,5.1861519943116234e-14
After BS (Heisenberg),after_bs,B,81,81.00000000000001,18.000000000000004,5,|HV>,5.2951323411351026e-14
After BS (Heisenberg),after_bs,B,82,82.0,17.0,0,|vac>,0.9999992745652229
After BS (Heisenberg),after_bs,B,82,82.0,17.0,1,|H>,3.6165865875466276e-07
After BS (Heisenberg),after_bs,B,82,82.0,17.0,2,|V>,3.6377601028787195e-07
After BS (Heisenberg),after_bs,B,82,82.0,17.0,3,|2H>,3.665781048396352e-14
After BS (Heisenberg),after_bs,B,82,82.0,17.0,4,|2V>,3.5216416268720446e-14
After BS (Heisenberg),after_bs,B,82,82.0,17.0,5,|HV>,3.595644418579366e-14
After BS (Heisenberg),after_bs,B,83,83.0,16.0,0,|vac>,0.9999994008574044
After BS (Heisenberg),after_bs,B,83,83.0,16.0,1,|H>,2.9861087309901793e-07
After BS (Heisenberg),after_bs,B,83,83.0,16.0,2,|V>,3.005316513555017e-07
After BS (Heisenberg),after_bs,B,83,83.0,16.0,3,|2H>,2.4074128723544614e-14
After BS (Heisenberg),after_bs,B,83,83.0,16.0,4,|2V>,2.3127528001287047e-14
After BS (Heisenberg),after_bs,B,83,83.0,16.0,5,|HV>,2.3613523403314487e-14
After BS (Heisenberg),after_bs,B,84,84.00000000000001,15.000000000000002,0,|vac>,0.999999514219394
After BS (Heisenberg),after_bs,B,84,84.00000000000001,15.000000000000002,1,|H>,2.420488743669549e-07
After BS (Heisenberg),after_bs,B,84,84.00000000000001,15.000000000000002,2,|V>,2.4373168641517865e-07
After BS (Heisenberg),after_bs,B,84,84.00000000000001,15.000000000000002,3,|2H>,1.5264003459087592e-14
After BS (Heisenberg),after_bs,B,84,84.00000000000001,15.000000000000002,4,|2V>,1.4663819051026563e-14
After BS (Heisenberg),after_bs,B,84,84.00000000000001,15.000000000000002,5,|HV>,1.497196044137695e-14
After BS (Heisenberg),after_bs,B,85,85.0,14.000000000000002,0,|vac>,0.9999996138222952
After BS (Heisenberg),after_bs,B,85,85.0,14.000000000000002,1,|H>,1.9237492602119975e-07
After BS (Heisenberg),after_bs,B,85,85.0,14.000000000000002,2,|V>,1.9380275185395797e-07
After BS (Heisenberg),after_bs,B,85,85.0,14.000000000000002,3,|2H>,9.319771731503447e-15
After BS (Heisenberg),after_bs,B,85,85.0,14.000000000000002,4,|2V>,8.953315991689011e-15
After BS (Heisenberg),after_bs,B,85,85.0,14.000000000000002,5,|HV>,9.141458468578325e-15
After BS (Heisenberg),after_bs,B,86,86.0,13.0,0,|vac>,0.9999996995233251
After BS (Heisenberg),after_bs,B,86,86.0,13.0,1,|H>,1.4965111591872218e-07
After BS (Heisenberg),after_bs,B,86,86.0,13.0,2,|V>,1.5082554271596607e-07
After BS (Heisenberg),after_bs,B,86,86.0,13.0,3,|2H>,5.460248723880498e-15
After BS (Heisenberg),after_bs,B,86,86.0,13.0,4,|2V>,5.2455503875793615e-15
After BS (Heisenberg),after_bs,B,86,86.0,13.0,5,|HV>,5.3557789155774e-15
After BS (Heisenberg),after_bs,B,87,87.00000000000001,12.000000000000002,0,|vac>,0.9999997717138387
After BS (Heisenberg),after_bs,B,87,87.00000000000001,12.000000000000002,1,|H>,1.1367505037074265e-07
After BS (Heisenberg),after_bs,B,87,87.00000000000001,12.000000000000002,2,|V>,1.1461110197243424e-07
After BS (Heisenberg),after_bs,B,87,87.00000000000001,12.000000000000002,3,|2H>,3.0549519181123885e-15
After BS (Heisenberg),after_bs,B,87,87.00000000000001,12.000000000000002,4,|2V>,2.934830449815407e-15
After BS (Heisenberg),after_bs,B,87,87.00000000000001,12.000000000000002,5,|HV>,2.9965021556805938e-15
After BS (Heisenberg),after_bs,B,88,88.00000000000001,11.000000000000002,0,|vac>,0.9999998311831253
After BS (Heisenberg),after_bs,B,88,88.00000000000001,11.000000000000002,1,|H>,8.40476024646808e-08
After BS (Heisenberg),after_bs,B,88,88.00000000000001,11.000000000000002,2,|V>,8.47692677258855e-08
After BS (Heisenberg),after_bs,B,88,88.00000000000001,11.000000000000002,3,|2H>,1.6218346625364011e-15
After BS (Heisenberg),after_bs,B,88,88.00000000000001,11.000000000000002,4,|2V>,1.558063720683159e-15
After BS (Heisenberg),after_bs,B,88,88.00000000000001,11.000000000000002,5,|HV>,1.5908044357226651e-15
After BS (Heisenberg),after_bs,B,89,89.0,10.0,0,|vac>,0.9999998790007839
After BS (Heisenberg),after_bs,B,89,89.0,10.0,1,|H>,6.023136284735329e-08
After BS (Heisenberg),after_bs,B,89,89.0,10.0,2,|V>,6.076785115546797e-08
After BS (Heisenberg),after_bs,B,89,89.0,10.0,3,|2H>,8.100826623962022e-16
After BS (Heisenberg),after_bs,B,89,89.0,10.0,4,|2V>,7.782300108581434e-16
After BS (Heisenberg),after_bs,B,89,89.0,10.0,5,|HV>,7.94583518531868e-16
After BS (Heisenberg),after_bs,B,90,90.00000000000001,9.000000000000002,0,|vac>,0.9999999164181105
After BS (Heisenberg),after_bs,B,90,90.00000000000001,9.000000000000002,1,|H>,4.1599593041417504e-08
After BS (Heisenberg),after_bs,B,90,90.00000000000001,9.000000000000002,2,|V>,4.198229570058057e-08
After BS (Heisenberg),after_bs,B,90,90.00000000000001,9.000000000000002,3,|2H>,3.763783584247719e-16
After BS (Heisenberg),after_bs,B,90,90.00000000000001,9.000000000000002,4,|2V>,3.615790678788633e-16
After BS (Heisenberg),after_bs,B,90,90.00000000000001,9.000000000000002,5,|HV>,3.6917718923463653e-16
After BS (Heisenberg),after_bs,B,91,91.00000000000001,8.0,0,|vac>,0.9999999447873819
After BS (Heisenberg),after_bs,B,91,91.00000000000001,8.0,1,|H>,2.7476255928391632e-08
After BS (Heisenberg),after_bs,B,91,91.00000000000001,8.0,2,|V>,2.7736362588098503e-08
After BS (Heisenberg),after_bs,B,91,91.00000000000001,8.0,3,|2H>,1.6015806323587056e-16
After BS (Heisenberg),after_bs,B,91,91.00000000000001,8.0,4,|2V>,1.5386060843077354e-16
After BS (Heisenberg),after_bs,B,91,91.00000000000001,8.0,5,|HV>,1.5709379219410887e-16
After BS (Heisenberg),after_bs,B,92,92.0,7.000000000000001,0,|vac>,0.9999999654969317
After BS (Heisenberg),after_bs,B,92,92.0,7.000000000000001,1,|H>,1.716818178237314e-08
After BS (Heisenberg),after_bs,B,92,92.0,7.000000000000001,2,|V>,1.7334886563604847e-08
After BS (Heisenberg),after_bs,B,92,92.0,7.000000000000001,3,|2H>,6.107819121435063e-17
After BS (Heisenberg),after_bs,B,92,92.0,7.000000000000001,4,|2V>,5.867658156998525e-17
After BS (Heisenberg),after_bs,B,92,92.0,7.000000000000001,5,|HV>,5.990959483696969e-17
After BS (Heisenberg),after_bs,B,93,93.00000000000001,6.000000000000001,0,|vac>,0.9999999799193715
After BS (Heisenberg),after_bs,B,93,93.00000000000001,6.000000000000001,1,|H>,9.990700054247486e-09
After BS (Heisenberg),after_bs,B,93,93.00000000000001,6.000000000000001,2,|V>,1.0089928360369443e-08
After BS (Heisenberg),after_bs,B,93,93.00000000000001,6.000000000000001,3,|2H>,2.0232237258065126e-17
After BS (Heisenberg),after_bs,B,93,93.00000000000001,6.000000000000001,4,|2V>,1.9436700669822612e-17
After BS (Heisenberg),after_bs,B,93,93.00000000000001,6.000000000000001,5,|HV>,1.9845138058294518e-17
After BS (Heisenberg),after_bs,B,94,94.00000000000001,5.0,0,|vac>,0.9999999893700209
After BS (Heisenberg),after_bs,B,94,94.00000000000001,5.0,1,|H>,5.288193966751338e-09
After BS (Heisenberg),after_bs,B,94,94.00000000000001,5.0,2,|V>,5.3417849124430365e-09
After BS (Heisenberg),after_bs,B,94,94.00000000000001,5.0,3,|2H>,5.552513142382406e-18
After BS (Heisenberg),after_bs,B,94,94.00000000000001,5.0,4,|2V>,5.3341869459208885e-18
After BS (Heisenberg),after_bs,B,94,94.00000000000001,5.0,5,|HV>,5.446278057235897e-18
After BS (Heisenberg),after_bs,B,95,95.0,4.0,0,|vac>,0.9999999950725699
After BS (Heisenberg),after_bs,B,95,95.0,4.0,1,|H>,2.4510707805373924e-09
After BS (Heisenberg),after_bs,B,95,95.0,4.0,2,|V>,2.4763593019813975e-09
After BS (Heisenberg),after_bs,B,95,95.0,4.0,3,|2H>,1.170100468586257e-18
After BS (Heisenberg),after_bs,B,95,95.0,4.0,4,|2V>,1.1240918259830349e-18
After BS (Heisenberg),after_bs,B,95,95.0,4.0,5,|HV>,1.1477131770751165e-18
After BS (Heisenberg),after_bs,B,96,96.00000000000001,3.0000000000000004,0,|vac>,0.9999999981289911
After BS (Heisenberg),after_bs,B,96,96.00000000000001,3.0000000000000004,1,|H>,9.306268569699331e-10
After BS (Heisenberg),after_bs,B,96,96.00000000000001,3.0000000000000004,2,|V>,9.403821484870251e-10
After BS (Heisenberg),after_bs,B,96,96.00000000000001,3.0000000000000004,3,|2H>,1.657062679447261e-19
After BS (Heisenberg),after_bs,B,96,96.00000000000001,3.0000000000000004,4,|2V>,1.591906567425854e-19
After BS (Heisenberg),after_bs,B,96,96.00000000000001,3.0000000000000004,5,|HV>,1.6253584359685242e-19
After BS (Heisenberg),after_bs,B,97,97.00000000000001,2.0,0,|vac>,0.9999999994907998
After BS (Heisenberg),after_bs,B,97,97.00000000000001,2.0,1,|H>,2.532542627983649e-10
After BS (Heisenberg),after_bs,B,97,97.00000000000001,2.0,2,|V>,2.5594605512775064e-10
After BS (Heisenberg),after_bs,B,97,97.00000000000001,2.0,3,|2H>,1.207549761211425e-20
After BS (Heisenberg),after_bs,B,97,97.00000000000001,2.0,4,|2V>,1.160068602285584e-20
After BS (Heisenberg),after_bs,B,97,97.00000000000001,2.0,5,|HV>,1.1844459715392262e-20
After BS (Heisenberg),after_bs,B,98,98.0,1.0,0,|vac>,0.9999999999288052
After BS (Heisenberg),after_bs,B,98,98.0,1.0,1,|H>,3.540699954731978e-11
After BS (Heisenberg),after_bs,B,98,98.0,1.0,2,|V>,3.578764011764377e-11
After BS (Heisenberg),after_bs,B,98,98.0,1.0,3,|2H>,2.3283095002042857e-22
After BS (Heisenberg),after_bs,B,98,98.0,1.0,4,|2V>,2.2367592412531016e-22
After BS (Heisenberg),after_bs,B,98,98.0,1.0,5,|HV>,2.283761959761071e-22
After BS (Heisenberg),after_bs,B,99,99.0,0.0,0,|vac>,0.9999999999985203
After BS (Heisenberg),after_bs,B,99,99.0,0.0,1,|H>,7.359499800084992e-13
After BS (Heisenberg),after_bs,B,99,99.0,0.0,2,|V>,7.439057007398637e-13
After BS (Heisenberg),after_bs,B,99,99.0,0.0,3,|2H>,9.991012078474176e-26
After BS (Heisenberg),after_bs,B,99,99.0,0.0,4,|2V>,9.598162630132588e-26
After BS (Heisenberg),after_bs,B,99,99.0,0.0,5,|HV>,9.799857101548622e-26
